TYPE	SPLIT	CONTEXT	GRAMMAR_PATTERN	LANGUAGE	SYSTEM_NAME	GITHUB_URL
int	pfcp up function features o9 flags	DECLARATION	PRE NM N V NM NPL	C	wireshark	https://github.com/wireshark/wireshark
bool	nla invert combine value	FUNCTION	PRE V NM N	C	blender	https://github.com/blender/blender
void	presentation Start From First	FUNCTION	PRE V P DT	C++	calligra	https://github.com/KDE/calligra
boolean	at Least One Write	ATTRIBUTE	VM VM D V	Java	drill	https://github.com/apache/drill
bool	btn down for dig	ATTRIBUTE	N VM P V	C++	freeminer	https://github.com/freeminer/freeminer
void	dof reg handoff dpp0	FUNCTION	PRE V NM N	C	wireshark	https://github.com/wireshark/wireshark
int	INVERSE COMPUTE FOR WORD OF ALL 1S	ATTRIBUTE	NM N P N P DT NPL	Java	guava	https://github.com/google/guava
u_int8_t	ip6 h nxt	ATTRIBUTE	PRE N DT	C	ovs	https://github.com/openvswitch/ovs
int*	irc color convert rgb 2 irc	FUNCTION	PRE PRE V N P N	C	weechat	https://github.com/weechat/weechat
void	dialog info update	FUNCTION	NM NM N	C	gimp	https://github.com/GNOME/gimp
GLboolean	EGLEW KHR stream fifo	ATTRIBUTE	PRE PRE NM N	C	blender	https://github.com/blender/blender
void	H Wnd	ATTRIBUTE	PRE N	C	irrlicht	https://github.com/zaki/irrlicht
List	keep Readability Only On Descendants	FUNCTION	V N VM P NPL	Java	jenkins	https://github.com/jenkinsci/jenkins
bool	last Token Was Delete Or Default	DECLARATION	DT N V N CJ N	C++	kdevelop	https://github.com/KDE/kdevelop
AtomicBoolean	m is Worker Done	ATTRIBUTE	PRE V N V	Java	openFrameworks	https://github.com/openframeworks/openFrameworks
ImVec2	size on first use	PARAMETER	N P DT N	C	bullet3	https://github.com/bulletphysics/bullet3
stringt	text Chopped 2	DECLARATION	N NM D	C	swift	https://github.com/apple/swift
Map	token Store Typed Data	DECLARATION	NM NM NM N	Java	jenkins	https://github.com/jenkinsci/jenkins
void	V URL Encode	FUNCTION	PRE N V	C++	bullet3	https://github.com/bulletphysics/bullet3
AtomicInteger	weak Ref Lost	ATTRIBUTE	NM N NM	Java	jenkins	https://github.com/jenkinsci/jenkins
int*	checkout create the new	FUNCTION	V V DT N	C	git2r	https://github.com/ropensci/git2r
List	column Statistics V1s	DECLARATION	NM NM NPL	Java	drill	https://github.com/apache/drill
int	conv in channels	ATTRIBUTE	NM NM NPL	C++	caffe	https://github.com/BVLC/caffe
bool	force fog off	ATTRIBUTE	V N VM	C++	freeminer	https://github.com/freeminer/freeminer
int*	friend in close	FUNCTION	N P N	C	toxcore	https://github.com/TokTok/c-toxcore
boolean	if Present	PARAMETER	CJ N	Java	immutables	https://github.com/immutables/immutables
void	l2 norm transform	FUNCTION	NM N V	C	meta	https://github.com/meta-toolkit/meta
u64	last time ms	ATTRIBUTE	DT NM N	C++	freeminer	https://github.com/freeminer/freeminer
String	LAYER FIELD POOL 1D SIZE	ATTRIBUTE	NM NM NM NM N	Java	deeplearning4j	https://github.com/eclipse/deeplearning4j
JComboBox	look and feel	ATTRIBUTE	V CJ V	Java	Spark	https://github.com/apache/spark
int	nxt in	ATTRIBUTE	DT N	C	rigraph	https://github.com/igraph/rigraph
bool	on Transport Ready Common	FUNCTION	P NM NM N	C++	proxygen	https://github.com/facebook/proxygen
int	parallel for	FUNCTION	NM N	C++	deeplearning4j	https://github.com/eclipse/deeplearning4j
void*	plugin if mainwindow update toolbars	FUNCTION	PRE CJ NM V NPL	C++	wireshark	https://github.com/wireshark/wireshark
gboolean*	propagate when not up	FUNCTION	V VM VM VM	C	naemon-core	https://github.com/naemon/naemon-core
boolean	s3 Use V2 Signing	ATTRIBUTE	PRE V NM N	Java	Singularity	https://github.com/sylabs/singularity
int	some data not displayed	DECLARATION	DT N VM V	C	weechat	https://github.com/weechat/weechat
void*	string conv base64 6x4 to 8x3	FUNCTION	N V NM N P N	C	weechat	https://github.com/weechat/weechat
void*	string conv base64 8x3 to 6x4	FUNCTION	N V NM N P N	C	weechat	https://github.com/weechat/weechat
int	text search where	ATTRIBUTE	N V VM	C	weechat	https://github.com/weechat/weechat
NativeLong	til or since	ATTRIBUTE	P CJ P	Java	Spark	https://github.com/apache/spark
void*	tox self set no spam	FUNCTION	PRE PRE V DT N	C	toxcore	https://github.com/TokTok/c-toxcore
SCM	weechat guile api string input for buffer	FUNCTION	PRE PRE PRE N V P N	C	weechat	https://github.com/weechat/weechat
void	zero or null	FUNCTION	D CJ N	Java	cglib	https://github.com/cglib/cglib
Guid	Added Unicode Smp	ATTRIBUTE	V NM N	C#	antlr4	https://github.com/antlr/antlr4
gboolean alwayspreview	always preview	DECLARATION	VM V	C	gimp	https://github.com/GNOME/gimp
Set	assigns	PARAMETER	NPL	Java	junit4	https://github.com/junit-team/junit4
AUDSound	AUD Sound envelope	FUNCTION	PRE NM N	C++	blender	https://github.com/blender/blender
gint	build time minor	PARAMETER	NM NM N	C	gimp	https://github.com/GNOME/gimp
long	build Timestamp	ATTRIBUTE	NM N	Java	jenkins	https://github.com/jenkinsci/jenkins
u32	calc LUT	FUNCTION	V N	C++	opencv	https://github.com/opencv/opencv
grpcsslcertificateconfigreloadstatus	cb result	DECLARATION	PRE N	C++	grpc	https://github.com/grpc/grpc
ChangeScroll	Change Scroll	CLASS	NM N	C++	calligra	https://github.com/KDE/calligra
QSet	check Next	DECLARATION	V DT	C++	kdevelop	https://github.com/KDE/kdevelop
void	check Not Interface	FUNCTION	V VM N	Java	mockito	https://github.com/mockito/mockito
void	check Not Local	FUNCTION	V VM N	Java	mockito	https://github.com/mockito/mockito
int	compare Inverse And Forward Dynamics	FUNCTION	V N CJ NM NPL	C++	bullet3	https://github.com/bulletphysics/bullet3
ContextTokenListIndexedGetterDecl	Context Token List Indexed Getter Decl	CLASS	NM NM NM NM NM N	Java	antlr4	https://github.com/antlr/antlr4
HttpResponse	do Install Status	FUNCTION	V NM N	Java	jenkins	https://github.com/jenkinsci/jenkins
bool	echo path change	PARAMETER	NM N V	C	Telegram	https://github.com/DrKLO/Telegram
GLboolean	EGLEW ANDROID frame buffer target	ATTRIBUTE	PRE PRE NM NM N	C	blender	https://github.com/blender/blender
Set	expand Headers From Request	FUNCTION	V NPL P N	Java	elasticsearch	https://github.com/elastic/elasticsearch
Real	f Cos	DECLARATION	PRE N	C++	ogre	https://github.com/OGRECave/ogre
boolean	finished Normally	DECLARATION	V VM	Java	elasticsearch	https://github.com/elastic/elasticsearch
bool	forked iter	DECLARATION	V N	C	blender	https://github.com/blender/blender
String	generated Token On Creation	DECLARATION	NM N P N	Java	jenkins	https://github.com/jenkinsci/jenkins
int	get PID No Exceptions	FUNCTION	V N DT NPL	Java	corenlp	https://github.com/stanfordnlp/CoreNLP
gboolean	gimp devices check change	FUNCTION	PRE PRE V N	C	gimp	https://github.com/GNOME/gimp
void	gimp filter tool set gyroscope	FUNCTION	PRE PRE PRE V N	C	gimp	https://github.com/GNOME/gimp
void	gimp value set int32 array	FUNCTION	PRE PRE V NM N	C	gimp	https://github.com/GNOME/gimp
GLConfigAttribs	GL Config Attribs	CLASS	PRE NM NPL	C++	ogre	https://github.com/OGRECave/ogre
void	grpc json writer value string	FUNCTION	PRE NM NM NM N	C++	grpc	https://github.com/grpc/grpc
void	grpc sockaddr make wildcards	FUNCTION	PRE N V NPL	C++	grpc	https://github.com/grpc/grpc
Hpack	Hpack	CLASS	N	Java	okhttp	https://github.com/square/okhttp
VerificationMode inOrderWrappedVerificationMode	in Order Wrapped Verification Mode	ATTRIBUTE	P NM NM NM N	Java	mockito	https://github.com/mockito/mockito
bool	Invert Success	ATTRIBUTE	V N	C++	swift	https://github.com/apple/swift
boolean	is Android	FUNCTION	V N	Java	mockito	https://github.com/mockito/mockito
ScorePhraseMeasures	IS FIRST CAPITAL	ATTRIBUTE	V DT N	Java	corenlp	https://github.com/stanfordnlp/CoreNLP
bool	is Node A Left Child Leaf	DECLARATION	V N DT NM NM N	C++	bullet3	https://github.com/bulletphysics/bullet3
bool	Is Return Bridged	ATTRIBUTE	V N NM	C++	swift	https://github.com/apple/swift
IsVariadic	is V	PARAMETER	V N	C++	swift	https://github.com/apple/swift
bool	is Vaild	PARAMETER	V N	C++	ogre	https://github.com/OGRECave/ogre
GimpValueArray	layer get composite mode invoker	FUNCTION	PRE V NM NM N	C	gimp	https://github.com/GNOME/gimp
uint8 mFirstRenderQueue	m First Render Queue	ATTRIBUTE	PRE DT NM N	C++	ogre	https://github.com/OGRECave/ogre
Cursor	m last Changed Location	ATTRIBUTE	PRE DT NM N	C++	kdevelop	https://github.com/KDE/kdevelop
boolean	m Preview Started	ATTRIBUTE	PRE N V	Java	opencv	https://github.com/opencv/opencv
int	max Intermediate Cas	PARAMETER	NM NM NPL	Java	okhttp	https://github.com/square/okhttp
TsurgeonPattern	move RBT surgeon	ATTRIBUTE	NM NM N	Java	corenlp	https://github.com/stanfordnlp/CoreNLP
QRegularExpression	next Fragment Expression	DECLARATION	DT NM N	C++	kdevelop	https://github.com/KDE/kdevelop
char	next func	PARAMETER	DT N	C	blender	https://github.com/blender/blender
byte[]	next Search	DECLARATION	DT N	Java	elasticsearch	https://github.com/elastic/elasticsearch
ParameterSignature	next Unassigned	FUNCTION	DT NM	Java	junit4	https://github.com/junit-team/junit4
gdouble	other side x	ATTRIBUTE	DT NM N	C	gimp	https://github.com/GNOME/gimp
short	own flags	PARAMETER	NM NPL	C	blender	https://github.com/blender/blender
PNGAPI	png get row bytes	FUNCTION	PRE V NM NPL	C	irrlicht	https://github.com/zaki/irrlicht
PrintLabelFlag	print label flag	PARAMETER	NM NM N	C++	opencv	https://github.com/opencv/opencv
ReadBitstream	Read Bitstream	CLASS	NM N	C++	opencv	https://github.com/opencv/opencv
void	rgbx 2 bgrx	FUNCTION	N P N	C++	opencv	https://github.com/opencv/opencv
RunBeforeParams	Run Before Params	CLASS	V NM NPL	Java	junit4	https://github.com/junit-team/junit4
Action	set Prev Ctx Action	DECLARATION	V NM NM N	Java	antlr4	https://github.com/antlr/antlr4
boolean	skip Vetoes	ATTRIBUTE	V NPL	Java	jenkins	https://github.com/jenkinsci/jenkins
void	start Matched Count Dec	FUNCTION	V NM NM N	Java	corenlp	https://github.com/stanfordnlp/CoreNLP
Store	Store	CLASS	N	Java	elasticsearch	https://github.com/elastic/elasticsearch
gint	table 2 id	PARAMETER	N D N	C	gimp	https://github.com/GNOME/gimp
void	throw Provision Exception If Errors Exist	FUNCTION	V NM N CJ NPL V	Java	elasticsearch	https://github.com/elastic/elasticsearch
TsurgeonParseException	Tsurgeon Parse Exception	CLASS	PRE NM N	Java	corenlp	https://github.com/stanfordnlp/CoreNLP
long	utc Timestamp Ms	DECLARATION	NM NM NPL	Java	Telegram	https://github.com/DrKLO/Telegram
StringPiece	whole regexp	ATTRIBUTE	DT N	C++	grpc	https://github.com/grpc/grpc
int	write Root	PARAMETER	V N	C++	irrlicht	https://github.com/zaki/irrlicht
int[]	zoom xy	PARAMETER	NM N	C	blender	https://github.com/blender/blender
int	a low	PARAMETER	N NM	C	rigraph	https://github.com/igraph/rigraph
bool	add no truncate cache	PARAMETER	V DT V N	C++	s3fs-fuse	https://github.com/s3fs-fuse/s3fs-fuse
void	after Join Send History	FUNCTION	P V V N	Java	Openfire	https://github.com/igniterealtime/Openfire
ClassToInstanceMap	after Processing	ATTRIBUTE	P V	Java	immutables	https://github.com/immutables/immutables
gboolean	after release	ATTRIBUTE	P V	C	wireshark	https://github.com/wireshark/wireshark
off_t	alias off	ATTRIBUTE	NM N	C	ccv	https://github.com/liuliu/ccv
AnnotationMirror	as Caching	FUNCTION	P N	Java	immutables	https://github.com/immutables/immutables
int	as in	ATTRIBUTE	P N	C	rigraph	https://github.com/igraph/rigraph
int	b next	DECLARATION	PRE DT	C	git2r	https://github.com/ropensci/git2r
String	BLOCK CONTACT 16x16	ATTRIBUTE	NM NM N	Java	Spark	https://github.com/apache/spark
JButton	btn save	DECLARATION	NM N	Java	Spark	https://github.com/apache/spark
class	Bypass Comparison 8192x8192	CLASS	NM NM N	Java	deeplearning4j	https://github.com/eclipse/deeplearning4j
igraph_vector_t	c partition 2	DECLARATION	PRE N D	C	rigraph	https://github.com/igraph/rigraph
char	c where	DECLARATION	PRE VM	C	weechat	https://github.com/weechat/weechat
int	caps 2	ATTRIBUTE	NPL D	C++	panda3d	https://github.com/panda3d/panda3d
char	chars 1	PARAMETER	NPL D	C	weechat	https://github.com/weechat/weechat
void	check for host flapping	FUNCTION	V P NM N	C	naemon-core	https://github.com/naemon/naemon-core
Contents	contents 2	PARAMETER	NPL D	C++	panda3d	https://github.com/panda3d/panda3d
curandGenerator_t	curand generator	FUNCTION	PRE N	C++	caffe	https://github.com/BVLC/caffe
double	dl now	PARAMETER	V VM	C++	s3fs-fuse	https://github.com/s3fs-fuse/s3fs-fuse
float32x4_t	dn 1x2	DECLARATION	NM N	C	ccv	https://github.com/liuliu/ccv
int	downtime	ATTRIBUTE	N	C	freeminer	https://github.com/freeminer/freeminer
String	downsample	ATTRIBUTE	V	Java	drill	https://github.com/apache/drill
int	dp if create and open	FUNCTION	PRE CJ V CJ V	C	ovs	https://github.com/openvswitch/ovs
OpenFlags	ds 2 Flags	PARAMETER	N P NPL	C++	facebook-repo-ds2	https://github.com/facebookresearch/ds2
int	ds last	FUNCTION	PRE DT	C	ovs	https://github.com/openvswitch/ovs
char*	end of record	FUNCTION	N P N	C	git2r	https://github.com/ropensci/git2r
long	expand in	ATTRIBUTE	V N	C	toggldesktop	https://github.com/toggl-open-source/toggldesktop
int	flag true if should convert	PARAMETER	V N CJ V V	C	panda3d	https://github.com/panda3d/panda3d
DeclaringPackage	for Package	FUNCTION	P N	Java	immutables	https://github.com/immutables/immutables
size_t	get start r1	FUNCTION	V V N	C++	meta	https://github.com/meta-toolkit/meta
int	git index update all	FUNCTION	PRE PRE V DT	C	git2r	https://github.com/ropensci/git2r
bool	has in band	PARAMETER	V P N	C	ovs	https://github.com/openvswitch/ovs
OutputWidthExpression	if Reduced Expr	DECLARATION	CJ NM N	Java	drill	https://github.com/apache/drill
bool	if Unique	PARAMETER	CJ NM	C++	cling	https://github.com/root-project/cling
class	Im 2 col Layer	CLASS	N P NM N	C++	caffe	https://github.com/BVLC/caffe
InetAddress	in addr	PARAMETER	NM N	Java	Openfire	https://github.com/igniterealtime/Openfire
verify_context	in ctx	PARAMETER	P N	C++	drill	https://github.com/apache/drill
List	in Fields	ATTRIBUTE	NM NPL	Java	drill	https://github.com/apache/drill
string	in prop Name	PARAMETER	NM NM N	C++	drill	https://github.com/apache/drill
bool	include all fetch heads	DECLARATION	V DT NM NPL	C	git2r	https://github.com/ropensci/git2r
boolean	incoming Has Sv2	DECLARATION	NM V N	Java	drill	https://github.com/apache/drill
guint8	ip6r0 slmap	ATTRIBUTE	PRE N	C	wireshark	https://github.com/wireshark/wireshark
void	irc batch free all	FUNCTION	PRE PRE V DT	C	weechat	https://github.com/weechat/weechat
bool	is 32	ATTRIBUTE	V D	C	facebook-repo-ds2	https://github.com/facebookresearch/ds2
uint64_t	kDp Significand Mask	ATTRIBUTE	PRE NM N	C++	panda3d	https://github.com/panda3d/panda3d
int	l get node or nil	FUNCTION	PRE V N CJ N	C++	freeminer	https://github.com/freeminer/freeminer
time_t	last time critical	ATTRIBUTE	DT N NM	C	naemon-core	https://github.com/naemon/naemon-core
int	last Write	PARAMETER	DT N	Java	drill	https://github.com/apache/drill
int	last Write Index	FUNCTION	DT NM N	Java	drill	https://github.com/apache/drill
char	least addr	ATTRIBUTE	DT N	C++	panda3d	https://github.com/panda3d/panda3d
JLabel	look and feel Label	ATTRIBUTE	V CJ V N	Java	Spark	https://github.com/apache/spark
int*	make non indexed	FUNCTION	V VM N	C++	panda3d	https://github.com/panda3d/panda3d
void	merge chunks by bucket size	FUNCTION	V NPL P NM N	C++	meta	https://github.com/meta-toolkit/meta
bool	monitor everything by default	PARAMETER	V DT P N	C	ovs	https://github.com/openvswitch/ovs
int*	netdev dummy queue dump next	FUNCTION	PRE PRE N V DT	C	ovs	https://github.com/openvswitch/ovs
int*	network pass socks5 proxy	FUNCTION	PRE PRE NM N	C	weechat	https://github.com/weechat/weechat
t_irc_ignore	next ignore	ATTRIBUTE	DT N	C	weechat	https://github.com/weechat/weechat
boolean	next Integer If Not EOF	FUNCTION	DT N CJ DT N	Java	drill	https://github.com/apache/drill
int	no in	DECLARATION	NM N	C	rigraph	https://github.com/igraph/rigraph
int	no lock Lock	FUNCTION	DT V N	C	ccv	https://github.com/liuliu/ccv
igraph_integer_t	no out types	PARAMETER	NM NM NPL	C	rigraph	https://github.com/igraph/rigraph
int*	not a local branch	FUNCTION	VM DT NM N	C	git2r	https://github.com/ropensci/git2r
int	num kernels col 2 im	ATTRIBUTE	NM NM N P N	C++	caffe	https://github.com/BVLC/caffe
int	num of after release pdus	ATTRIBUTE	N P P V NPL	C	wireshark	https://github.com/wireshark/wireshark
int	num of gops	ATTRIBUTE	N P NPL	C	wireshark	https://github.com/wireshark/wireshark
ofservice	of service	DECLARATION	PRE N	C	ovs	https://github.com/openvswitch/ovs
ObjectNameFactory	on Factory	PARAMETER	NM N	Java	metrics	https://github.com/dropwizard/metrics
void	on Ingress Error	FUNCTION	P NM N	C++	proxygen	https://github.com/facebook/proxygen
ErrorCode	on Query Current Thread	FUNCTION	P NM NM N	C++	facebook-repo-ds2	https://github.com/facebookresearch/ds2
bool	only if existing	PARAMETER	VM CJ V	C	git2r	https://github.com/ropensci/git2r
double	or Sel	DECLARATION	NM N	Java	drill	https://github.com/apache/drill
int	ovsdb datum compare 3way	FUNCTION	PRE N V VM	C	ovs	https://github.com/openvswitch/ovs
char	pass in	DECLARATION	NM N	C	toggldesktop	https://github.com/toggl-open-source/toggldesktop
List	past Threshold	DECLARATION	P N	Java	Singularity	https://github.com/sylabs/singularity
String	period no Period	ATTRIBUTE	PRE DT N	Java	Spark	https://github.com/apache/spark
float*	perlin Map 3D	FUNCTION	PRE N NM	C++	freeminer	https://github.com/freeminer/freeminer
char	plugin name for upgrade	ATTRIBUTE	NM N P N	C	weechat	https://github.com/weechat/weechat
SEXP*	R igraph 0 or vector bool to SEXP	FUNCTION	PRE PRE D CJ NM N P N	C	rigraph	https://github.com/igraph/rigraph
bool	replace if exists	FUNCTION	V CJ V	C++	meta	https://github.com/meta-toolkit/meta
MediaType	RTF UTF8	ATTRIBUTE	NM N	Java	guava	https://github.com/google/guava
String	save Password	DECLARATION	NM N	Java	Spark	https://github.com/apache/spark
String	SET GROUP NAME 1	ATTRIBUTE	V NM N D	Java	Openfire	https://github.com/igniterealtime/Openfire
class	Sort Collector Labels 2	CLASS	NM NM NPL D	C++	panda3d	https://github.com/panda3d/panda3d
bool	sorts less	FUNCTION	V VM	C++	panda3d	https://github.com/panda3d/panda3d
int*	sqlite3 Fts5 Parser Fallback	FUNCTION	PRE PRE NM N	C	ccv	https://github.com/liuliu/ccv
With*	sqlite3 With Dup	FUNCTION	PRE P V	C	ccv	https://github.com/liuliu/ccv
git_odb_stream	stream out	PARAMETER	NM N	C	git2r	https://github.com/ropensci/git2r
double	task Reconciliation Response P999	PARAMETER	NM NM NM N	Java	Singularity	https://github.com/sylabs/singularity
expected_counts	this	DECLARATION	N	C	meta	https://github.com/meta-toolkit/meta
ifstream	titles in	DECLARATION	NPL NM	C++	meta	https://github.com/meta-toolkit/meta
X509CertSelector	to Be Validated	DECLARATION	P V V	Java	Spark	https://github.com/apache/spark
igraph_bool_t	transpose a	PARAMETER	V N	C	rigraph	https://github.com/igraph/rigraph
double	ul now	PARAMETER	V VM	C++	s3fs-fuse	https://github.com/s3fs-fuse/s3fs-fuse
T	value or	FUNCTION	N CJ	C++	meta	https://github.com/meta-toolkit/meta
bool	vertex 02 connected	ATTRIBUTE	N D NM	C++	freeminer	https://github.com/freeminer/freeminer
atomic_bool	wait for reload	ATTRIBUTE	V P V	C	ovs	https://github.com/openvswitch/ovs
png_uint_32	y pixels per unit	ATTRIBUTE	NM NPL P N	C	mgba	https://github.com/mgba-emu/mgba
ABCOpt	ABC Opt	CLASS	NM N	C++	swift	https://github.com/apple/swift
int64t	abs deadline n sec value	PARAMETER	NM NM NM NM N	C++	grpc	https://github.com/grpc/grpc
AbstractBuildExecution	Abstract Build Execution	CLASS	NM NM N	Java	jenkins	https://github.com/jenkinsci/jenkins
ofVec3f	accelerometer Data	PARAMETER	NM N	C	openFrameworks	https://github.com/openframeworks/openFrameworks
boolean	accepting Tasks	PARAMETER	NM NPL	Java	jenkins	https://github.com/jenkinsci/jenkins
AccessorConformanceInfo	Accessor Conformance Info	CLASS	NM NM N	C++	swift	https://github.com/apple/swift
Map	action To Index Map	ATTRIBUTE	N P NM N	Java	antlr4	https://github.com/antlr/antlr4
ActionTranslator	Action Translator	CLASS	NM N	Java	antlr4	https://github.com/antlr/antlr4
KToggleAction	action View Show Master Pages	ATTRIBUTE	NM N V NM NPL	C++	calligra	https://github.com/KDE/calligra
AtomicInteger	active Copies	ATTRIBUTE	NM NPL	Java	elasticsearch	https://github.com/elastic/elasticsearch
QString	active Tool Id	DECLARATION	NM NM N	C++	calligra	https://github.com/KDE/calligra
int	actual Count	ATTRIBUTE	NM N	Java	mockito	https://github.com/mockito/mockito
int	actual Suffix	DECLARATION	NM N	Java	junit4	https://github.com/junit-team/junit4
void	Add Bezier Curve	FUNCTION	V NM N	C++	bullet3	https://github.com/bulletphysics/bullet3
boolean	add Bias To Embedding	ATTRIBUTE	V N P N	Java	corenlp	https://github.com/stanfordnlp/CoreNLP
void	Add Log To Stream	FUNCTION	V N P N	C++	Telegram	https://github.com/DrKLO/Telegram
void	add Object Index	FUNCTION	V NM N	C++	blender	https://github.com/blender/blender
void	add Ordered List	FUNCTION	V NM N	Java	mockito	https://github.com/mockito/mockito
void	add Unicode Script Codes To Names	FUNCTION	V NM NM NPL P NPL	Java	antlr4	https://github.com/antlr/antlr4
boolean	adding	DECLARATION	V	Java	jenkins	https://github.com/jenkinsci/jenkins
grpcresolvedaddress	addr	PARAMETER	N	C	grpc	https://github.com/grpc/grpc
AddressLowering	Address Lowering	CLASS	N V	C++	swift	https://github.com/apple/swift
int	ADDRESS TYPE IPV4	ATTRIBUTE	NM NM N	Java	okhttp	https://github.com/square/okhttp
QGradient	adjusted Gradient	FUNCTION	NM N	C++	calligra	https://github.com/KDE/calligra
gsecaeadcrypter	aead crypter seal	DECLARATION	NM NM N	C++	grpc	https://github.com/grpc/grpc
void	after Channel	FUNCTION	P N	Java	jenkins	https://github.com/jenkinsci/jenkins
List	all action Roots	DECLARATION	DT NM NPL	Java	antlr4	https://github.com/antlr/antlr4
vector	all Factors	PARAMETER	DT NPL	C++	QuantLib	https://github.com/lballabio/QuantLib
List	all Invocation Matchers	DECLARATION	DT NM NPL	Java	mockito	https://github.com/mockito/mockito
QString	all Open Files String	FUNCTION	DT NM NM N	C++	kdevelop	https://github.com/KDE/kdevelop
List	all Open Indices	DECLARATION	DT NM NPL	Java	elasticsearch	https://github.com/elastic/elasticsearch
Collection	all Stubbings	ATTRIBUTE	DT NPL	Java	mockito	https://github.com/mockito/mockito
AltAndContextConfigEqualityComparator	Alt And Context Config Equality Comparator	CLASS	N CJ NM NM NM N	Java	antlr4	https://github.com/antlr/antlr4
Map	alt Label Ctxs	ATTRIBUTE	NM NM NPL	Java	antlr4	https://github.com/antlr/antlr4
String	alt Name	PARAMETER	NM N	Java	okhttp	https://github.com/square/okhttp
path	alternative Cache Name	PARAMETER	NM NM N	C++	irrlicht	https://github.com/zaki/irrlicht
ofFloatColor	ambient	ATTRIBUTE	N	C	openFrameworks	https://github.com/openframeworks/openFrameworks
float	ambient coefficient	PARAMETER	NM N	C++	bullet3	https://github.com/bulletphysics/bullet3
QStringList	anchor Name	DECLARATION	NM N	C++	calligra	https://github.com/KDE/calligra
AndroidByteBuddyMockMaker	Android Byte Buddy Mock Maker	CLASS	NM NM NM NM N	Java	mockito	https://github.com/mockito/mockito
qreal	angle In Radian	DECLARATION	N P N	C++	calligra	https://github.com/KDE/calligra
GtkWidget	animation box	DECLARATION	NM N	C	gimp	https://github.com/GNOME/gimp
KPrPredefinedAnimationsLoader	animations Data	PARAMETER	NM NPL	C++	calligra	https://github.com/KDE/calligra
String	App ID	PARAMETER	NM N	Java	opencv	https://github.com/opencv/opencv
void	append Python Style Escaped Code Point	FUNCTION	V NM NM NM NM N	Java	antlr4	https://github.com/antlr/antlr4
void	append Sequence	FUNCTION	V N	C++	kdevelop	https://github.com/KDE/kdevelop
void	apply Margin Insets	FUNCTION	V NM NPL	Java	Telegram	https://github.com/DrKLO/Telegram
ApplyRewriter	Apply Rewriter	CLASS	NM N	C++	swift	https://github.com/apple/swift
ArabicSegmenter	Arabic Segmenter	CLASS	NM N	Java	corenlp	https://github.com/stanfordnlp/CoreNLP
AreaInfoDialog_t	Area Info Dialog t	CLASS	NM NM NM N	C	gimp.idents	https://github.com/GNOME/gimp
AresDnsResolver	Ares Dns Resolver	CLASS	NM NM N	C++	grpc	https://github.com/grpc/grpc
int	ares expand name for response	FUNCTION	PRE V N P N	C	grpc	https://github.com/grpc/grpc
Collection	arg Mismatch Stubbings	PARAMETER	NM NM NPL	Java	mockito	https://github.com/mockito/mockito
void	ARGB Subtract Row C	FUNCTION	N V NM N	C++	Telegram	https://github.com/DrKLO/Telegram
Class	array Class	PARAMETER	NM N	Java	junit4	https://github.com/junit-team/junit4
ArrayCountPropagation	Array Count Propagation	CLASS	NM NM N	C++	swift	https://github.com/apple/swift
SILValue	Array Struct Value	PARAMETER	NM NM N	C++	swift	https://github.com/apple/swift
void	assign Lexer Token Types	FUNCTION	V NM NM NPL	Java	antlr4	https://github.com/antlr/antlr4
int	atn State	DECLARATION	NM N	C#	antlr4	https://github.com/antlr/antlr4
int	ATOM	ATTRIBUTE	N	Java	antlr4	https://github.com/antlr/antlr4
Attribute	Attribute	CLASS	N	C++	openFrameworks	https://github.com/openframeworks/openFrameworks
OrderedHashSet	attribute Decls	ATTRIBUTE	NM NPL	Java	antlr4	https://github.com/antlr/antlr4
QXmlStreamAttributes	attrs	DECLARATION	NPL	C++	calligra	https://github.com/KDE/calligra
Authentication	auth Result	PARAMETER	NM N	Java	jenkins	https://github.com/jenkinsci/jenkins
uint	average In Bucket Used Slot Count	ATTRIBUTE	N P NM NM NM N	C	kdevelop	https://github.com/KDE/kdevelop
uint8x8t	avg 1	DECLARATION	N D	C	opencv	https://github.com/opencv/opencv
Map	avg Map	DECLARATION	NM N	Java	corenlp	https://github.com/stanfordnlp/CoreNLP
BusinessDayConvention	b d c	PARAMETER	NM NM N	C++	QuantLib	https://github.com/lballabio/QuantLib
bool	b Flip Horizontally	PARAMETER	PRE V VM	C++	openFrameworks	https://github.com/openframeworks/openFrameworks
boolean	b Is Playing	ATTRIBUTE	PRE V V	Java	openFrameworks	https://github.com/openframeworks/openFrameworks
bool	b Loop	ATTRIBUTE	PRE N	C++	openFrameworks	https://github.com/openframeworks/openFrameworks
bool	b Multi Fullscreen	PARAMETER	PRE NM N	C++	openFrameworks	https://github.com/openframeworks/openFrameworks
void	b3 Push Profile Timing	FUNCTION	PRE V NM N	C++	bullet3	https://github.com/bulletphysics/bullet3
BackgroundParserPrivate	Background Parser Private	CLASS	NM N NM	C++	kdevelop	https://github.com/KDE/kdevelop
boolean	backprop Training	PARAMETER	NM N	Java	corenlp	https://github.com/stanfordnlp/CoreNLP
String	base Category	DECLARATION	NM N	Java	corenlp	https://github.com/stanfordnlp/CoreNLP
BaseLoaderCallback	Base Loader Callback	CLASS	NM NM N	Java	opencv	https://github.com/opencv/opencv
btTransform	base transform	DECLARATION	NM N	C++	bullet3	https://github.com/bulletphysics/bullet3
BasicReplicationRequest	Basic Replication Request	CLASS	NM NM N	Java	elasticsearch	https://github.com/elastic/elasticsearch
BasketPayoff	Basket Payoff	CLASS	NM N	C++	QuantLib	https://github.com/lballabio/QuantLib
Map beanConfigs	bean Configs	ATTRIBUTE	NM NPL	Java	jenkins	https://github.com/jenkinsci/jenkins
List	befores	ATTRIBUTE	NPL	Java	junit4	https://github.com/junit-team/junit4
guchar	best b	DECLARATION	NM N	C	gimp	https://github.com/GNOME/gimp
IndexedWord	best Node	DECLARATION	NM N	Java	corenlp	https://github.com/stanfordnlp/CoreNLP
XIMStyle	best Style	DECLARATION	NM N	C++	irrlicht	https://github.com/zaki/irrlicht
QString	bibliography Type	PARAMETER	NM N	C++	calligra	https://github.com/KDE/calligra
Constructor	biggest Constructor	FUNCTION	NM N	Java	mockito	https://github.com/mockito/mockito
BinaryRule	Binary Rule	CLASS	NM N	Java	corenlp	https://github.com/stanfordnlp/CoreNLP
String	binary Search Bytes	FUNCTION	NM NM NPL	Java	okhttp	https://github.com/square/okhttp
MMatrix	bind Matrix	DECLARATION	NM N	C++	ogre	https://github.com/OGRECave/ogre
s16	binormal type	DECLARATION	NM N	C++	irrlicht	https://github.com/zaki/irrlicht
u32	Bitmap Data Size	ATTRIBUTE	NM NM N	C	irrlicht	https://github.com/zaki/irrlicht
int	BKE lattice index flip	FUNCTION	PRE NM N V	C	blender	https://github.com/blender/blender
void	BLI str r strip	FUNCTION	PRE N VM V	C	blender	https://github.com/blender/blender
unsigned	block Nr	PARAMETER	NM N	C++	calligra	https://github.com/KDE/calligra
BMLog	bm log	ATTRIBUTE	NM N	C	blender	https://github.com/blender/blender
vector	bone Positions	PARAMETER	NM NPL	C++	ogre	https://github.com/OGRECave/ogre
int	bound Port	PARAMETER	NM N	C#	grpc	https://github.com/grpc/grpc
float	Bounding Radius	ATTRIBUTE	NM N	C	irrlicht	https://github.com/zaki/irrlicht
LongConsumer	breaker Consumer	PARAMETER	NM N	Java	elasticsearch	https://github.com/elastic/elasticsearch
BreakpointDataPtr	breakpoint	ATTRIBUTE	N	C++	kdevelop	https://github.com/KDE/kdevelop
SILValue	Bridged Value Fun Arg	PARAMETER	NM NM NM N	C++	swift	https://github.com/apple/swift
quint32	brush Hatch	PARAMETER	NM N	C++	calligra	https://github.com/KDE/calligra
btCollisionShape	bt Collision Shape	CLASS	PRE NM N	C++	bullet3	https://github.com/bulletphysics/bullet3
class btDeformableContactConstraint	bt Deformable Contact Constraint	CLASS	PRE NM NM N	C++	bullet3	https://github.com/bulletphysics/bullet3
btMaterial	bt Material	CLASS	PRE N	C++	bullet3	https://github.com/bulletphysics/bullet3
BucketCollector	Bucket Collector	CLASS	NM N	Java	elasticsearch	https://github.com/elastic/elasticsearch
ParseField	BUCKETS PATH FIELD	ATTRIBUTE	NM NM N	Java	elasticsearch	https://github.com/elastic/elasticsearch
u32	buf Num	PARAMETER	NM N	C++	irrlicht	https://github.com/zaki/irrlicht
vector	buffers	ATTRIBUTE	NPL	C++	Telegram	https://github.com/DrKLO/Telegram
BuildContext	build Context	PARAMETER	NM N	Java	antlr4	https://github.com/antlr/antlr4
void	build Group Query	FUNCTION	V NM N	Java	elasticsearch	https://github.com/elastic/elasticsearch
void	build Lexer Rule Actions	FUNCTION	V NM NM NPL	Java	antlr4	https://github.com/antlr/antlr4
BuildWrapper	Build Wrapper	CLASS	NM N	Java	jenkins	https://github.com/jenkinsci/jenkins
Path	built Url	PARAMETER	NM N	C++	kdevelop	https://github.com/KDE/kdevelop
ByteArrayView	byte Array View	PARAMETER	NM NM N	C++	kdevelop	https://github.com/KDE/kdevelop
uint32t	byte Count	DECLARATION	NM N	C	Telegram	https://github.com/DrKLO/Telegram
int8t	byte Src	DECLARATION	NM N	C++	Telegram	https://github.com/DrKLO/Telegram
long	bytes Received	ATTRIBUTE	NPL NM	Java	okhttp	https://github.com/square/okhttp
CAnimatedMeshSceneNode	C Animated Mesh Scene Node	CLASS	PRE NM NM NM N	C++	irrlicht	https://github.com/zaki/irrlicht
CArchiveLoaderTAR	C Archive Loader TAR	CLASS	PRE NM N NM	C++	irrlicht	https://github.com/zaki/irrlicht
CAtBackgroundColor	C At Background Color	CLASS	PRE NM NM N	C++	openFrameworks	https://github.com/openframeworks/openFrameworks
CAtFont	C At Font	CLASS	PRE NM N	C++	openFrameworks	https://github.com/openframeworks/openFrameworks
CAtGrayScale	C At Grayscale	CLASS	PRE NM N	C++	openFrameworks	https://github.com/openframeworks/openFrameworks
CBurningShader_Raster_Reference	C Burning Shader Raster Reference	CLASS	PRE NM NM NM N	C++	irrlicht	https://github.com/zaki/irrlicht
CD3D9RenderTarget	C D3D9 Render Target	CLASS	PRE NM NM N	C++	irrlicht	https://github.com/zaki/irrlicht
CFileReadCallBack	C File Read Callback	CLASS	PRE NM NM N	C++	irrlicht	https://github.com/zaki/irrlicht
Chttp2Connector	C http2 Connector	CLASS	PRE NM N	C++	grpc	https://github.com/grpc/grpc
CImage	C Image	CLASS	PRE N	C++	irrlicht	https://github.com/zaki/irrlicht
CImageWriterJPG	C Image Writer JPG	CLASS	PRE NM N NM	C++	irrlicht	https://github.com/zaki/irrlicht
ceresproblemt	c problem	PARAMETER	NM N	C++	blender	https://github.com/blender/blender
CSkinnedMesh	C Skinned Mesh	CLASS	PRE NM N	C++	irrlicht	https://github.com/zaki/irrlicht
Sink	cache Body Unbuffered	DECLARATION	NM N NM	Java	okhttp	https://github.com/square/okhttp
IndexShardCacheEntity	cache Entity	DECLARATION	NM N	Java	elasticsearch	https://github.com/elastic/elasticsearch
QString	cache file	PARAMETER	NM N	C++	kdevelop	https://github.com/KDE/kdevelop
CacheStrategy	Cache Strategy	CLASS	NM N	Java	okhttp	https://github.com/square/okhttp
CachedRegionTracker	Cached Region Tracker	CLASS	NM NM N	Java	Telegram	https://github.com/DrKLO/Telegram
BytecodeGenerator	caching Mock Bytecode Generator	ATTRIBUTE	NM NM NM N	Java	mockito	https://github.com/mockito/mockito
bool	calibration Phase	ATTRIBUTE	NM N	C++	QuantLib	https://github.com/lballabio/QuantLib
CallErrorExtensions	Call Error Extensions	CLASS	NM NM NPL	C#	grpc	https://github.com/grpc/grpc
long	call Id	PARAMETER	NM N	Java	okhttp	https://github.com/square/okhttp
float	cam Rot Z	DECLARATION	NM NM N	C++	bullet3	https://github.com/bulletphysics/bullet3
CameraData	Camera Data	CLASS	NM N	C++	irrlicht	https://github.com/zaki/irrlicht
GimpCanvasItem	canvas item	ATTRIBUTE	NM N	C	gimp	https://github.com/GNOME/gimp
vector	cap Times	DECLARATION	NM NPL	C++	QuantLib	https://github.com/lballabio/QuantLib
CapletVarianceCurve	Caplet Variance Curve	CLASS	NM NM N	C++	QuantLib	https://github.com/lballabio/QuantLib
sharedptr	cat Risk	ATTRIBUTE	NM N	C++	QuantLib	https://github.com/lballabio/QuantLib
CategoryFilterFactory	Category Filter Factory	CLASS	NM NM N	Java	junit4	https://github.com/junit-team/junit4
Matcher	cause Matcher	PARAMETER	NM N	Java	junit4	https://github.com/junit-team/junit4
CborXContent	Cbor X Content	CLASS	NM NM N	Java	elasticsearch	https://github.com/elastic/elasticsearch
FrameIterator	cell Cursor	DECLARATION	NM N	C++	calligra	https://github.com/KDE/calligra
CertificateChainCleaner	certificate Chain Cleaner	ATTRIBUTE	NM NM N	Java	okhttp	https://github.com/square/okhttp
char	Ch	DECLARATION	N	C++	grpc	https://github.com/grpc/grpc
ChapterTocFrame	Chapter Toc Frame	CLASS	NM NM N	Java	Telegram	https://github.com/DrKLO/Telegram
stbttbuf	char strings	ATTRIBUTE	NM NPL	C	bullet3	https://github.com/bulletphysics/bullet3
bool	check GL Support	FUNCTION	V NM N	C++	openFrameworks	https://github.com/openframeworks/openFrameworks
void	check Sign	FUNCTION	V N	C++	QuantLib	https://github.com/lballabio/QuantLib
void	check T	FUNCTION	V N	C++	QuantLib	https://github.com/lballabio/QuantLib
void	Check Writeable	FUNCTION	V NM	C#	grpc	https://github.com/grpc/grpc
Set	child Categories	DECLARATION	NM NPL	Java	junit4	https://github.com/junit-team/junit4
ChildLocation	Child Location	CLASS	NM N	C	gimp.idents	https://github.com/GNOME/gimp
Runnable	child Statement	PARAMETER	NM N	Java	junit4	https://github.com/junit-team/junit4
ChineseTreebankParserParams	Chinese Treebank Parser Params	CLASS	NM NM NM NPL	Java	corenlp	https://github.com/stanfordnlp/CoreNLP
void	choose Document	FUNCTION	V N	C++	kdevelop	https://github.com/KDE/kdevelop
QList	chosen Overrides	ATTRIBUTE	NM NPL	C++	kdevelop	https://github.com/KDE/kdevelop
CipherSuite	Cipher Suite	CLASS	NM N	Java	okhttp	https://github.com/square/okhttp
auto	clang Can Ty	DECLARATION	PRE NM N	C++	swift	https://github.com/apple/swift
Annotation[]	class Annotations	FUNCTION	NM NPL	Java	junit4	https://github.com/junit-team/junit4
ClassLoaders	Class Loaders	CLASS	NM NPL	Java	mockito	https://github.com/mockito/mockito
byte[]	classfile Buffer	PARAMETER	NM N	Java	mockito	https://github.com/mockito/mockito
ClauseMatrix	Clause Matrix	CLASS	NM N	C++	swift	https://github.com/apple/swift
void	Clear Active ID	FUNCTION	V NM N	C++	bullet3	https://github.com/bulletphysics/bullet3
OkHttpClient	client	ATTRIBUTE	N	Java	okhttp	https://github.com/square/okhttp
HandshakeCertificates	client Certificates	DECLARATION	NM NPL	Java	okhttp	https://github.com/square/okhttp
int	client Number	ATTRIBUTE	NM N	Java	corenlp	https://github.com/stanfordnlp/CoreNLP
bool	clip Dist Bug	DECLARATION	NM NM N	C++	ogre	https://github.com/OGRECave/ogre
Clock	Clock	CLASS	N	C++	openFrameworks	https://github.com/openframeworks/openFrameworks
ClusterUpdateSettingsResponse	Cluster Update Settings Response	CLASS	NM NM NM N	Java	elasticsearch	https://github.com/elastic/elasticsearch
List	cmd Lines	DECLARATION	NM NPL	Java	jenkins	https://github.com/jenkinsci/jenkins
CmdOutputOperationType	Cmd Output Operation Type	CLASS	NM NM NM N	C++	ogre	https://github.com/OGRECave/ogre
String	cmd Str	PARAMETER	NM N	Java	corenlp	https://github.com/stanfordnlp/CoreNLP
sharedptr	cms Pricer	DECLARATION	NM N	C++	QuantLib	https://github.com/lballabio/QuantLib
String	code Exception Message	DECLARATION	NM NM N	Java	okhttp	https://github.com/square/okhttp
CodeGeneratorPrivate	Code Generator Private	CLASS	NM N NM	C++	kdevelop	https://github.com/KDE/kdevelop
int	code Point To	PARAMETER	NM N P	Java	antlr4	https://github.com/antlr/antlr4
int[]	CODES	ATTRIBUTE	NPL	Java	okhttp	https://github.com/square/okhttp
long	col Length Left	DECLARATION	NM NM N	C++	bullet3	https://github.com/bulletphysics/bullet3
KoColorConversionSystem	color Conversion System	ATTRIBUTE	NM NM N	C++	calligra	https://github.com/KDE/calligra
ColorMap	Color Map	CLASS	NM N	C++	calligra	https://github.com/KDE/calligra
QMap	color Map	PARAMETER	NM N	C++	opencv	https://github.com/opencv/opencv
uint	colored Count	ATTRIBUTE	NM N	C	kdevelop	https://github.com/KDE/kdevelop
CombinePaintMaskToCanvasBufferToPaintBufAlpha	Combine Paint Mask To Canvas Buffer To Paint Buf Alpha	CLASS	NM NM N P NM N P NM NM N	C++	gimp.idents	https://github.com/GNOME/gimp
Command_t	Command t	CLASS	NM N	C	gimp.idents	https://github.com/GNOME/gimp
CompMask	Comp Mask	CLASS	NM N	C++	gimp.idents	https://github.com/GNOME/gimp
Field	compare Fields By Name	DECLARATION	V NPL P N	Java	mockito	https://github.com/mockito/mockito
TValue	comparison Value	PARAMETER	NM N	C#	antlr4	https://github.com/antlr/antlr4
CompilerItem	Compiler Item	CLASS	NM N	C++	kdevelop	https://github.com/KDE/kdevelop
bool	compiling Contexts	DECLARATION	V NPL	C	kdevelop	https://github.com/KDE/kdevelop
BatchCompletionDelegate	Completion Handler I Unary Response Client Callback	ATTRIBUTE	NM N NM NM NM NM N	C#	grpc	https://github.com/grpc/grpc
PixelComponentType	component Type	ATTRIBUTE	NM N	C	ogre	https://github.com/OGRECave/ogre
List	concrete Follower Indices	PARAMETER	NM NM NPL	Java	elasticsearch	https://github.com/elastic/elasticsearch
mat4	cone translation	DECLARATION	NM N	C++	openFrameworks	https://github.com/openframeworks/openFrameworks
ConfigureTimeouts	Configure Timeouts	CLASS	NM NPL	Java	okhttp	https://github.com/square/okhttp
serverconnectionstate	connection state	PARAMETER	NM N	C++	grpc	https://github.com/grpc/grpc
ConstParameterFloat	Const Parameter Float	CLASS	NM NM N	C++	ogre	https://github.com/OGRECave/ogre
ContainerTabBar	Container Tab Bar	CLASS	NM NM N	C++	kdevelop	https://github.com/KDE/kdevelop
ContentPath	Content Path	CLASS	NM N	Java	elasticsearch	https://github.com/elastic/elasticsearch
String	content Type String	PARAMETER	NM NM N	Java	okhttp	https://github.com/square/okhttp
int	context Length	ATTRIBUTE	NM N	Java	junit4	https://github.com/junit-team/junit4
QList	context Url List	FUNCTION	NM NM N	C++	kdevelop	https://github.com/KDE/kdevelop
ContextualizeClosures	Contextualize Closures	CLASS	V NPL	C++	swift	https://github.com/apple/swift
QVector	control Points	DECLARATION	NM NPL	C++	calligra	https://github.com/KDE/calligra
ControlledObject	Controlled Object	CLASS	NM N	C++	blender	https://github.com/blender/blender
ControllerValue	Controller Value	CLASS	NM N	C++	ogre	https://github.com/OGRECave/ogre
string	Convert To Php Namespace	FUNCTION	V P NM N	C++	grpc	https://github.com/grpc/grpc
b3ConvexPolyhedronData	convex Shapes	PARAMETER	NM NPL	C	bullet3	https://github.com/bulletphysics/bullet3
CookieJar	cookie Jar	ATTRIBUTE	NM N	Java	okhttp	https://github.com/square/okhttp
ActionBarMenuItem	copy Item	DECLARATION	NM N	Java	Telegram	https://github.com/DrKLO/Telegram
GsrProcessCore	core	ATTRIBUTE	N	C++	QuantLib	https://github.com/lballabio/QuantLib
opusint64[]	corr QC	DECLARATION	NM N	C	Telegram	https://github.com/DrKLO/Telegram
sharedptr	coterminal Model	DECLARATION	NM N	C++	QuantLib	https://github.com/lballabio/QuantLib
char[]	cp 1254	DECLARATION	N D	C++	calligra	https://github.com/KDE/calligra
CppGeneratorServices	Cpp Generator Services	CLASS	NM NM NPL	C#	grpc	https://github.com/grpc/grpc
CqEventQueue	Cq Event Queue	CLASS	NM NM N	C++	grpc	https://github.com/grpc/grpc
int	create Duplicate Change Id	FUNCTION	V NM NM N	C++	calligra	https://github.com/KDE/calligra
ParameterPtr	create In Indices	FUNCTION	V NM NPL	C++	ogre	https://github.com/OGRECave/ogre
bool	create metadata array	FUNCTION	V NM N	C++	grpc	https://github.com/grpc/grpc
Buffer	create Sub Buffer	FUNCTION	V NM N	C++	opencv	https://github.com/opencv/opencv
grpc_server_credentials* creds_	creds	ATTRIBUTE	NPL	C	grpc	https://github.com/grpc/grpc
CRFNonLinearLogConditionalObjectiveFunction	CRF Non Linear Log Conditional Objective Function	CLASS	NM NM NM NM NM NM N	Java	corenlp	https://github.com/stanfordnlp/CoreNLP
GeglNode	crop node	ATTRIBUTE	NM N	C	gimp	https://github.com/GNOME/gimp
Exception	curr Thread Exception	DECLARATION	NM NM N	Java	junit4	https://github.com/junit-team/junit4
Mat	current Charuco Corners	DECLARATION	NM NM NPL	C++	opencv	https://github.com/opencv/opencv
String	current Filename	ATTRIBUTE	NM N	Java	corenlp	https://github.com/stanfordnlp/CoreNLP
InvocationOnMock	current Invocation	PARAMETER	NM N	Java	mockito	https://github.com/mockito/mockito
int16_t current_median	current median	PARAMETER	NM N	C	Telegram	https://github.com/DrKLO/Telegram
int	current Open Shards	DECLARATION	NM NM NPL	Java	elasticsearch	https://github.com/elastic/elasticsearch
String	current Prefix	PARAMETER	NM N	Java	jenkins	https://github.com/jenkinsci/jenkins
Matrix	current Root	PARAMETER	NM N	C++	QuantLib	https://github.com/lballabio/QuantLib
ISceneNode	Current Scene Node	ATTRIBUTE	NM NM N	C++	irrlicht	https://github.com/zaki/irrlicht
vector	current Sequence	DECLARATION	NM N	C++	QuantLib	https://github.com/lballabio/QuantLib
int	current Slide	FUNCTION	NM N	C++	calligra	https://github.com/KDE/calligra
gint	curvatures height	PARAMETER	NM N	C	gimp	https://github.com/GNOME/gimp
vector	curves	FUNCTION	NPL	C++	QuantLib	https://github.com/lballabio/QuantLib
DBusProxy	D Bus Proxy	CLASS	NM NM N	C++	kdevelop	https://github.com/KDE/kdevelop
float	d inf	DECLARATION	NM N	Java	Telegram	https://github.com/DrKLO/Telegram
Mat	D mat	PARAMETER	NM N	C++	opencv	https://github.com/opencv/opencv
DobjPoints	D obj Points	CLASS	NM NM NPL	C	gimp.idents	https://github.com/GNOME/gimp
D3D11UnsupportedGpuProgram	D3D11 Unsupported Gpu Program	CLASS	NM NM NM N	C++	ogre	https://github.com/OGRECave/ogre
DataAccessRepositoryPrivate	Data Access Repository Private	CLASS	NM NM N NM	C++	kdevelop	https://github.com/KDE/kdevelop
FrameworkMethod	data Point Method	PARAMETER	NM NM N	Java	junit4	https://github.com/junit-team/junit4
GimpDebugPolicy	debug policy	ATTRIBUTE	NM N	C	gimp	https://github.com/GNOME/gimp
DeclarationContextPrivate	Declaration Context Private	CLASS	NM N NM	C++	kdevelop	https://github.com/KDE/kdevelop
DeclarationItem	Declaration Item	CLASS	NM N	C++	kdevelop	https://github.com/KDE/kdevelop
void	declare Component	FUNCTION	V N	C++	kdevelop	https://github.com/KDE/kdevelop
Object	deep Stub	FUNCTION	NM N	Java	mockito	https://github.com/mockito/mockito
guchar	default	PARAMETER	N	C	gimp	https://github.com/GNOME/gimp
Answer defaultAnswer	default Answer	ATTRIBUTE	NM N	Java	mockito	https://github.com/mockito/mockito
AutoConstantEntry	default Auto Entry	PARAMETER	NM NM N	C++	ogre	https://github.com/OGRECave/ogre
BlockedItem	DEFAULT BLOCKED ITEM COMPARATOR	DECLARATION	NM NM NM N	Java	jenkins	https://github.com/jenkinsci/jenkins
ParametersRunnerFactory	DEFAULT FACTORY	ATTRIBUTE	NM N	Java	junit4	https://github.com/junit-team/junit4
int	DEFAULT FLAGS	ATTRIBUTE	NM NPL	Java	elasticsearch	https://github.com/elastic/elasticsearch
DefaultInjectionEngine	Default Injection Engine	CLASS	NM NM N	Java	mockito	https://github.com/mockito/mockito
void	default instance void	ATTRIBUTE	NM NM N	C	opencv	https://github.com/opencv/opencv
ColorManagedLook	default look	DECLARATION	NM N	C	blender	https://github.com/blender/blender
Matx	default mat x	PARAMETER	NM NM N	C++	opencv	https://github.com/opencv/opencv
DefaultMockingDetails	Default Mocking Details	CLASS	NM NM NPL	Java	mockito	https://github.com/mockito/mockito
bool	default open	PARAMETER	N NM	C	bullet3	https://github.com/bulletphysics/bullet3
String	default Role	PARAMETER	NM N	Java	jenkins	https://github.com/jenkinsci/jenkins
DefaultSslRootsOverride	Default Ssl Roots Override	CLASS	NM NM NPL NM	C#	grpc	https://github.com/grpc/grpc
Define	Define	CLASS	N	C++	calligra	https://github.com/KDE/calligra
int	delay agnostic enabled	ATTRIBUTE	NM N V	C	Telegram	https://github.com/DrKLO/Telegram
DeleteResponse	delete	FUNCTION	V	Java	elasticsearch	https://github.com/elastic/elasticsearch
void	Delete Input	FUNCTION	V N	C	grpc	https://github.com/grpc/grpc
AbstractCoreLabel	dep H	PARAMETER	NM N	Java	corenlp	https://github.com/stanfordnlp/CoreNLP
ST	dependencies ST	DECLARATION	NM N	Java	antlr4	https://github.com/antlr/antlr4
QString	DEPOT MESSAGE START	DECLARATION	NM NM N	C++	kdevelop	https://github.com/KDE/kdevelop
freenectdepthcb	depth cb	ATTRIBUTE	NM N	C	openFrameworks	https://github.com/openframeworks/openFrameworks
bool	depth Stencil As Texture	ATTRIBUTE	NM N P N	C	openFrameworks	https://github.com/openframeworks/openFrameworks
DeserializationContext	Deserialization Context	CLASS	NM N	C#	grpc	https://github.com/grpc/grpc
dimension2d	desktop Size	PARAMETER	NM N	C++	irrlicht	https://github.com/zaki/irrlicht
GimpVector2	dest points	PARAMETER	NM NPL	C	gimp	https://github.com/GNOME/gimp
gboolean	destroy with parent	PARAMETER	V P N	C	gimp	https://github.com/GNOME/gimp
bool	Detect Leaks	ATTRIBUTE	V NPL	C	grpc	https://github.com/grpc/grpc
Strictness	determine Strictness	FUNCTION	V N	Java	mockito	https://github.com/mockito/mockito
InstallState	DEVELOPMENT	ATTRIBUTE	N	Java	jenkins	https://github.com/jenkinsci/jenkins
DeviceHandler	Device Handler	CLASS	NM N	C++	opencv	https://github.com/opencv/opencv
DialogElements	Dialog Elements	CLASS	NM NPL	C	gimp.idents	https://github.com/GNOME/gimp
Real	discount Factor	PARAMETER	NM N	C++	QuantLib	https://github.com/lballabio/QuantLib
DiskLruCache	Disk Lru Cache	CLASS	NM NM N	Java	okhttp	https://github.com/square/okhttp
DispatchMaskBufferIterator	Dispatch Mask Buffer Iterator	CLASS	NM NM NM N	C++	gimp.idents	https://github.com/GNOME/gimp
DispatchPaintMask	Dispatch Paint Mask	CLASS	NM NM N	C++	gimp.idents	https://github.com/GNOME/gimp
DisposeType	dispose	PARAMETER	N	C	gimp	https://github.com/GNOME/gimp
DiscountFactor	dividend Discount Mother	FUNCTION	NM NM N	C++	QuantLib	https://github.com/lballabio/QuantLib
bool	do Caps	PARAMETER	V NPL	C++	QuantLib	https://github.com/lballabio/QuantLib
HttpResponse	do Forward	FUNCTION	V V	Java	jenkins	https://github.com/jenkinsci/jenkins
void	do Login Entry	FUNCTION	V NM N	Java	jenkins	https://github.com/jenkinsci/jenkins
bool	do Print After	FUNCTION	V V P	C++	swift	https://github.com/apple/swift
DockWidgetArea	docking Area	PARAMETER	NM N	C++	kdevelop	https://github.com/KDE/kdevelop
DOTGenerator	DOT Generator	CLASS	NM N	Java	antlr4	https://github.com/antlr/antlr4
int	down sample	PARAMETER	NM N	C	Telegram	https://github.com/DrKLO/Telegram
Real	drift term	DECLARATION	NM N	C++	QuantLib	https://github.com/lballabio/QuantLib
String	driver Type Name	PARAMETER	NM NM N	C++	ogre	https://github.com/OGRECave/ogre
OutputArray	dst map 2	PARAMETER	NM N D	C++	opencv	https://github.com/opencv/opencv
float	dst Saturation	DECLARATION	NM N	C	calligra	https://github.com/KDE/calligra
int	dst Type 1	DECLARATION	NM N D	C++	opencv	https://github.com/opencv/opencv
DualConInputReader	Dual Con Input Reader	CLASS	NM NM NM N	C++	blender	https://github.com/blender/blender
void	dump cemd cmd	FUNCTION	V NM N	C	openFrameworks	https://github.com/openframeworks/openFrameworks
void	dump Core Map To String Builder	FUNCTION	V NM N P NM N	Java	corenlp	https://github.com/stanfordnlp/CoreNLP
void	dump Frame buffer Formats	FUNCTION	V NM NM NPL	C	irrlicht	https://github.com/zaki/irrlicht
DvbSubtitleReader	Dvb Subtitle Reader	CLASS	NM NM N	Java	Telegram	https://github.com/DrKLO/Telegram
int	dynamic Table Byte Count	ATTRIBUTE	NM NM NM N	Java	okhttp	https://github.com/square/okhttp
int	dynamic Table Index	FUNCTION	NM NM N	Java	okhttp	https://github.com/square/okhttp
DynamicTexturedCubeDemo	Dynamic Textured Cube Demo	CLASS	NM NM NM N	C++	bullet3	https://github.com/bulletphysics/bullet3
gint	edit count	ATTRIBUTE	NM N	C	gimp	https://github.com/GNOME/gimp
unsigned	Edit Length	PARAMETER	NM N	C++	swift	https://github.com/apple/swift
Style	effective Style	FUNCTION	NM N	C++	calligra	https://github.com/KDE/calligra
PFNCREATEPLATFORMWINDOWSURFACE	eglew Create Platform Window Surface	ATTRIBUTE	PRE V NM NM N	C	blender	https://github.com/blender/blender
GParamSpec	element spec	DECLARATION	NM N	C	gimp	https://github.com/GNOME/gimp
VersionNumber	EMBEDDED VERSION	ATTRIBUTE	NM N	Java	jenkins	https://github.com/jenkinsci/jenkins
ManagedValue	emit Address	FUNCTION	V N	C++	swift	https://github.com/apple/swift
FileObserver[]	EMPTY DIRECTORY	ATTRIBUTE	NM N	Java	elasticsearch	https://github.com/elastic/elasticsearch
void	enable Background Opacity	FUNCTION	V NM N	C++	calligra	https://github.com/KDE/calligra
void	enable Materials	FUNCTION	V NPL	C++	openFrameworks	https://github.com/openframeworks/openFrameworks
freenectdeviceflags	enabled subdevices	ATTRIBUTE	NM NPL	C	openFrameworks	https://github.com/openframeworks/openFrameworks
List	encoded Path Segments	ATTRIBUTE	NM NM NPL	Java	okhttp	https://github.com/square/okhttp
List	encoded Values	PARAMETER	NM N	Java	okhttp	https://github.com/square/okhttp
boolean	end Of Input	DECLARATION	N P N	Java	antlr4	https://github.com/antlr/antlr4
ImmutableTextSnapshotRef	End Snapshot	PARAMETER	NM N	C++	swift	https://github.com/apple/swift
int	enum Count	DECLARATION	NM N	Java	junit4	https://github.com/junit-team/junit4
String	env Name	PARAMETER	NM N	Java	antlr4	https://github.com/antlr/antlr4
EnvVarsSlaveInfo_DisplayName	Env Vars Slave Info Display Name	CLASS	NM NM NM NM NM N	Java	jenkins	https://github.com/jenkinsci/jenkins
Real	EPS	PARAMETER	N	C++	QuantLib	https://github.com/lballabio/QuantLib
EqualsBuilder	equals Builder	DECLARATION	NM N	Java	mockito	https://github.com/mockito/mockito
int	equals Offset	DECLARATION	NM N	Java	okhttp	https://github.com/square/okhttp
T	err ret	PARAMETER	NM N	C++	Telegram	https://github.com/DrKLO/Telegram
uint	error Mark Type	DECLARATION	NM NM N	C++	kdevelop	https://github.com/KDE/kdevelop
ESetTextureActive	esa	PARAMETER	N	C	irrlicht	https://github.com/zaki/irrlicht
Date	event 0	DECLARATION	N D	C++	QuantLib	https://github.com/lballabio/QuantLib
ArrayList	exception Channels	ATTRIBUTE	NM NPL	Java	Telegram	https://github.com/DrKLO/Telegram
int	excess Workload	PARAMETER	NM N	Java	jenkins	https://github.com/jenkinsci/jenkins
Executor	Executor	CLASS	N	Java	jenkins	https://github.com/jenkinsci/jenkins
List	executors	DECLARATION	NPL	Java	jenkins	https://github.com/jenkinsci/jenkins
path	existing symlink	PARAMETER	NM N	C++	grpc	https://github.com/grpc/grpc
int	expect rows	DECLARATION	NM NPL	C++	opencv	https://github.com/opencv/opencv
ExpectedException	Expected Exception	CLASS	NM N	Java	junit4	https://github.com/junit-team/junit4
String	expected String	DECLARATION	NM N	Java	junit4	https://github.com/junit-team/junit4
ExplicitEulerScheme	Explicit Euler Scheme	CLASS	NM NM N	C++	QuantLib	https://github.com/lballabio/QuantLib
ExpressionFinder	Expression Finder	CLASS	NM N	C++	swift	https://github.com/apple/swift
ClusteredBitVector	extra Inhabitants Mask	DECLARATION	NM NM N	C++	swift	https://github.com/apple/swift
List	extra Interfaces	DECLARATION	NM NPL	Java	mockito	https://github.com/mockito/mockito
TimeSeries	extract Component	FUNCTION	V N	C++	QuantLib	https://github.com/lballabio/QuantLib
boolean	extract Events	ATTRIBUTE	V NPL	Java	corenlp	https://github.com/stanfordnlp/CoreNLP
Class	extract Raw Type Of	FUNCTION	V NM NM P	Java	mockito	https://github.com/mockito/mockito
int	f Context Length	ATTRIBUTE	PRE NM N	Java	junit4	https://github.com/junit-team/junit4
bool	f curve Found	DECLARATION	NM N V	C++	ogre	https://github.com/OGRECave/ogre
FakeMetaMethod	f m m	DECLARATION	NM NM N	C++	kdevelop	https://github.com/KDE/kdevelop
Matcher	f Matcher	ATTRIBUTE	PRE N	Java	junit4	https://github.com/junit-team/junit4
float	f Ptr Out	DECLARATION	PRE NM N	C++	openFrameworks	https://github.com/openframeworks/openFrameworks
Real	f Tolerance	PARAMETER	NM N	C++	ogre	https://github.com/OGRECave/ogre
int	face index	DECLARATION	NM N	C	blender	https://github.com/blender/blender
Class	factory Class	DECLARATION	NM N	Java	junit4	https://github.com/junit-team/junit4
bool	fast Load Success	DECLARATION	VM V N	C++	ogre	https://github.com/OGRECave/ogre
FdBlackScholesVanillaEngine	Fd Black Scholes Vanilla Engine	CLASS	NM NM NM NM N	C++	QuantLib	https://github.com/lballabio/QuantLib
auto	feature Iterator	DECLARATION	NM N	C++	antlr4	https://github.com/antlr/antlr4
FeedAdapter	FEED ADAPTER	ATTRIBUTE	NM N	Java	jenkins	https://github.com/jenkinsci/jenkins
void	fence	FUNCTION	N	C++	opencv	https://github.com/opencv/opencv
unsigned	field Offset Vector	DECLARATION	NM NM N	C++	swift	https://github.com/apple/swift
SourceFile	File	ATTRIBUTE	N	C++	swift	https://github.com/apple/swift
FileChannel	file Channel	PARAMETER	NM N	Java	okhttp	https://github.com/square/okhttp
RepeatedField	file Descriptor Proto	ATTRIBUTE	NM NM N	C#	grpc	https://github.com/grpc/grpc
FileItemDelegate	File Item Delegate	CLASS	NM NM N	C++	calligra	https://github.com/KDE/calligra
FileOperator	File Operator	CLASS	NM N	Java	okhttp	https://github.com/square/okhttp
FilePathFilter	File Path Filter	CLASS	NM NM N	Java	jenkins	https://github.com/jenkinsci/jenkins
FileSystemArchive	File System Archive	CLASS	NM NM N	C++	ogre	https://github.com/OGRECave/ogre
String	filter Spec	DECLARATION	NM N	Java	junit4	https://github.com/junit-team/junit4
List	filtered Children	ATTRIBUTE	NM NPL	Java	junit4	https://github.com/junit-team/junit4
Response	final Response	PARAMETER	NM N	Java	elasticsearch	https://github.com/elastic/elasticsearch
Metadata	find Hashable Base Type	FUNCTION	V NM NM N	C++	swift	https://github.com/apple/swift
String	find Source Subdir	FUNCTION	V NM N	Java	antlr4	https://github.com/antlr/antlr4
int	fine priority	PARAMETER	NM N	C	Telegram	https://github.com/DrKLO/Telegram
AlertDialog	fingerprint Dialog	ATTRIBUTE	NM N	Java	Telegram	https://github.com/DrKLO/Telegram
int	first Space	DECLARATION	DT N	Java	okhttp	https://github.com/square/okhttp
gchar	first type label	PARAMETER	DT NM N	C	gimp	https://github.com/GNOME/gimp
ICameraSceneNode	fixed Cam	DECLARATION	NM N	C++	irrlicht	https://github.com/zaki/irrlicht
Frequency	fixed Leg Frequency	DECLARATION	NM NM N	C++	QuantLib	https://github.com/lballabio/QuantLib
FixedObject	Fixed Object	CLASS	NM N	C++	blender	https://github.com/blender/blender
int	flag	ATTRIBUTE	N	C	blender	https://github.com/blender/blender
Pair	flags Classifier Pair	PARAMETER	NM NM N	Java	corenlp	https://github.com/stanfordnlp/CoreNLP
float	Float	FUNCTION	N	C++	bullet3	https://github.com/bulletphysics/bullet3
DayCounter	float Day Counter	ATTRIBUTE	NM NM N	C++	QuantLib	https://github.com/lballabio/QuantLib
vector	folder Names	PARAMETER	NM NPL	C++	openFrameworks	https://github.com/openframeworks/openFrameworks
MetadataResponse	follow Component	FUNCTION	V N	C++	swift	https://github.com/apple/swift
Request	followUp	DECLARATION	N	Java	okhttp	https://github.com/square/okhttp
FootnotesPosition	footnotes Position	ATTRIBUTE	NM N	C++	calligra	https://github.com/KDE/calligra
bool	force Direct	PARAMETER	V N	C++	kdevelop	https://github.com/KDE/kdevelop
String	format Display Name	FUNCTION	V NM N	Java	junit4	https://github.com/junit-team/junit4
boolean	format OK	DECLARATION	N NM	Java	antlr4	https://github.com/antlr/antlr4
FormattedText	Formatted Text	CLASS	NM N	Java	mockito	https://github.com/mockito/mockito
opusint16[]	frame	PARAMETER	N	C	Telegram	https://github.com/DrKLO/Telegram
Frame2	Frame 2	CLASS	N D	C++	blender	https://github.com/blender/blender
float[]	frame pixel coords	PARAMETER	NM NM NPL	C	blender	https://github.com/blender/blender
pointer	free cell	ATTRIBUTE	NM N	C	gimp	https://github.com/GNOME/gimp
int[]	free Positions	DECLARATION	NM NPL	Java	corenlp	https://github.com/stanfordnlp/CoreNLP
BytesReference	from Byte Buffers	FUNCTION	P NM NPL	Java	elasticsearch	https://github.com/elastic/elasticsearch
btVector3	from Local Aabb Min	DECLARATION	P NM NM N	C++	bullet3	https://github.com/bulletphysics/bullet3
boolean	from Server	PARAMETER	P N	Java	Telegram	https://github.com/DrKLO/Telegram
gchar	full path	PARAMETER	NM N	C	gimp	https://github.com/GNOME/gimp
InputArray	Func	PARAMETER	N	C++	opencv	https://github.com/opencv/opencv
IDocument	future Active Doc	DECLARATION	NM NM N	C++	kdevelop	https://github.com/KDE/kdevelop
Real	gauss Lobatto Eps	PARAMETER	NM NM N	C++	QuantLib	https://github.com/lballabio/QuantLib
String	GEN SUBJ	ATTRIBUTE	NM N	Java	corenlp	https://github.com/stanfordnlp/CoreNLP
bool	generate Rule Bypass Transitions	DECLARATION	V NM NM NPL	C#	antlr4	https://github.com/antlr/antlr4
void	Generate Service Descriptor Property	FUNCTION	V NM NM N	C++	grpc	https://github.com/grpc/grpc
GenericEmissiveClosure	Generic Emissive Closure	CLASS	NM NM N	C++	blender	https://github.com/blender/blender
GenericTypeExtractor	Generic Type Extractor	CLASS	NM NM N	Java	mockito	https://github.com/mockito/mockito
GeometryInterface	Geometry Interface	CLASS	NM N	C++	bullet3	https://github.com/bulletphysics/bullet3
Object[]	get Actual Values	FUNCTION	V NM NPL	Java	junit4	https://github.com/junit-team/junit4
String	get Artificial Op Prec Rule	FUNCTION	V NM NM NM N	Java	antlr4	https://github.com/antlr/antlr4
Side	get Binary Side	FUNCTION	V NM N	Java	corenlp	https://github.com/stanfordnlp/CoreNLP
String	get Commit Id	FUNCTION	V NM N	Java	jenkins	https://github.com/jenkinsci/jenkins
long	get Completed	FUNCTION	V NM	Java	elasticsearch	https://github.com/elastic/elasticsearch
ConstantReference	get Constant Reference For Protocol Descriptor	FUNCTION	V NM N P NM N	C++	swift	https://github.com/apple/swift
void	get Controller Transform	FUNCTION	V NM N	C++	bullet3	https://github.com/bulletphysics/bullet3
TextureAtlasAttib	get Default Atlasing Attributes	FUNCTION	V NM NM NPL	C++	ogre	https://github.com/OGRECave/ogre
InstallState	get Default Install State	FUNCTION	V NM NM N	Java	jenkins	https://github.com/jenkinsci/jenkins
ColourValue	get Diffuse Colour	FUNCTION	V NM N	C++	ogre	https://github.com/OGRECave/ogre
String	get Display Path	FUNCTION	V NM N	Java	jenkins	https://github.com/jenkinsci/jenkins
bool	Get DMF Header	FUNCTION	V NM N	C	irrlicht	https://github.com/zaki/irrlicht
List	get Error Listeners	FUNCTION	V NM NPL	Java	antlr4	https://github.com/antlr/antlr4
Long	get Failure Timestamp	FUNCTION	V NM N	Java	junit4	https://github.com/junit-team/junit4
GetHomeDirectory	Get Home Directory	CLASS	V NM N	Java	jenkins	https://github.com/jenkinsci/jenkins
String	get Id For Name	FUNCTION	V N P N	Java	elasticsearch	https://github.com/elastic/elasticsearch
int	get Initial Window Size	FUNCTION	V NM NM N	Java	okhttp	https://github.com/square/okhttp
Descriptor	get Item Type Descriptor	FUNCTION	V NM NM N	Java	jenkins	https://github.com/jenkinsci/jenkins
ematrix6	get Jf	FUNCTION	V N	C++	blender	https://github.com/blender/blender
Tree	get Leftmost Descendant	FUNCTION	V NM N	Java	corenlp	https://github.com/stanfordnlp/CoreNLP
double	Get Longitude	FUNCTION	V N	C#	grpc	https://github.com/grpc/grpc
int	get Max Shingle Diff	FUNCTION	V NM NM N	Java	elasticsearch	https://github.com/elastic/elasticsearch
int	Get Meta Index	FUNCTION	V NM N	C	Telegram	https://github.com/DrKLO/Telegram
FunctionType	get Msg Send Super Ty	FUNCTION	V NM NM NM N	C++	swift	https://github.com/apple/swift
int	get Number Of Transitions	FUNCTION	V N P NPL	Java	antlr4	https://github.com/antlr/antlr4
long	get Operations Reads	FUNCTION	V NM NPL	Java	elasticsearch	https://github.com/elastic/elasticsearch
String	get Phrase 1	FUNCTION	V N D	Java	corenlp	https://github.com/stanfordnlp/CoreNLP
Vector3	get Plane Point	FUNCTION	V NM N	C	ogre	https://github.com/OGRECave/ogre
Method	get Protocol Method	PARAMETER	NM NM N	Java	okhttp	https://github.com/square/okhttp
Object[]	get Raw Arguments	FUNCTION	V NM NPL	Java	mockito	https://github.com/mockito/mockito
float	get Red Adjust 2	FUNCTION	V NM N D	C++	ogre	https://github.com/OGRECave/ogre
double	Get Related View Data Row Double	FUNCTION	V NM NM NM N NM	C++	grpc	https://github.com/grpc/grpc
String	GET SOURCE NAME	ATTRIBUTE	NM NM N	Java	elasticsearch	https://github.com/elastic/elasticsearch
Real	get Top Border Size	FUNCTION	V NM NM N	C++	ogre	https://github.com/OGRECave/ogre
GetTotalDiskSpace	Get Total Disk Space	CLASS	V NM NM N	Java	jenkins	https://github.com/jenkinsci/jenkins
path	get Working Directory	FUNCTION	V NM N	C++	irrlicht	https://github.com/zaki/irrlicht
int	Get XCR 0	FUNCTION	V N D	C++	Telegram	https://github.com/DrKLO/Telegram
void	gimp canvas rectangle set property	FUNCTION	PRE NM N V N	C	gimp	https://github.com/GNOME/gimp
gboolean	gimp eraser default	FUNCTION	PRE N NM	C	gimp	https://github.com/GNOME/gimp
GimpThumbnail	gimp image file get thumbnail	FUNCTION	PRE NM N V N	C	gimp	https://github.com/GNOME/gimp
void	gimp param drawable id init	FUNCTION	PRE NM NM N V	C	gimp	https://github.com/GNOME/gimp
void	gimp selection tool class init	FUNCTION	PRE NM NM N V	C	gimp	https://github.com/GNOME/gimp
void	gimp status bar progress canceled	FUNCTION	PRE NM NM N V	C	gimp	https://github.com/GNOME/gimp
gboolean	gimp wire compare	FUNCTION	PRE N V	C	gimp	https://github.com/GNOME/gimp
PFNGLINDEXMASKPROC	glew Index Mask	ATTRIBUTE	PRE NM N	C	blender	https://github.com/blender/blender
PFNGLRENDERMODEPROC	glew Render Mode	ATTRIBUTE	PRE NM N	C	blender	https://github.com/blender/blender
PFNGLVALIDATEPROGRAMPIPELINEPROC	glew Validate Program Pipeline	ATTRIBUTE	PRE V NM N	C	ogre	https://github.com/OGRECave/ogre
ObjectValue	global Scope	FUNCTION	NM N	C++	kdevelop	https://github.com/KDE/kdevelop
GlobalsAsMembersTableReaderInfo	Globals As Members Table Reader Info	CLASS	NPL P NPL NM NM N	C++	swift	https://github.com/apple/swift
GLXConfigurator	GLX Configurator	CLASS	NM N	C++	ogre	https://github.com/OGRECave/ogre
int	gpencil primitive modal	FUNCTION	NM NM N	C	blender	https://github.com/blender/blender
QList	group Boxes	ATTRIBUTE	NM NPL	C++	kdevelop	https://github.com/KDE/kdevelop
GroupByContext	Group By Context	CLASS	N P N	Java	elasticsearch	https://github.com/elastic/elasticsearch
String	group Role Attribute	PARAMETER	NM NM N	Java	jenkins	https://github.com/jenkinsci/jenkins
string	grouping	PARAMETER	N	C++	grpc	https://github.com/grpc/grpc
void	grpc chttp2 mark stream writable	FUNCTION	PRE PRE V N NM	C++	grpc	https://github.com/grpc/grpc
bool	Handle If	FUNCTION	V CJ	C++	ogre	https://github.com/OGRECave/ogre
QPointF	handle Pos	PARAMETER	NM N	C++	calligra	https://github.com/KDE/calligra
DenseSet	handled Boxes	ATTRIBUTE	NM NPL	C++	swift	https://github.com/apple/swift
HandshakeMode	Handshake Mode	CLASS	NM N	Java	elasticsearch	https://github.com/elastic/elasticsearch
bool	has Composite Op	FUNCTION	V NM N	C++	calligra	https://github.com/KDE/calligra
bool	has View Relative Texture Coordinate Generation	FUNCTION	V NM NM NM NM N	C++	ogre	https://github.com/OGRECave/ogre
bool	have Mask	DECLARATION	V N	C++	opencv	https://github.com/opencv/opencv
HDRListener	HDR Listener	CLASS	NM N	C++	ogre	https://github.com/OGRECave/ogre
HeatVisionListener	Heat Vision Listener	CLASS	NM NM N	C++	ogre	https://github.com/OGRECave/ogre
gint	height int	ATTRIBUTE	NM N	C	gimp	https://github.com/GNOME/gimp
FastVectorHighlighter	highlighter	PARAMETER	N	Java	elasticsearch	https://github.com/elastic/elasticsearch
QAction	history Action	ATTRIBUTE	NM N	C++	kdevelop	https://github.com/KDE/kdevelop
HtmlFile	html File	PARAMETER	NM N	C++	calligra	https://github.com/KDE/calligra
Http1ExchangeCodec	Http1 Exchange Codec	CLASS	NM NM N	Java	okhttp	https://github.com/square/okhttp
int	http2 Error Code	PARAMETER	NM NM N	Java	okhttp	https://github.com/square/okhttp
IllegalArgumentException	i ar e	PARAMETER	NM NM N	Java	junit4	https://github.com/junit-team/junit4
IReadFile	I Read File	CLASS	NM NM N	C++	irrlicht	https://github.com/zaki/irrlicht
SILDeclRef	i var Initializer	PARAMETER	NM NM N	C++	swift	https://github.com/apple/swift
gint32	ico load layer	FUNCTION	PRE V N	C	gimp	https://github.com/GNOME/gimp
IcyDecoder	Icy Decoder	CLASS	NM N	Java	Telegram	https://github.com/DrKLO/Telegram
long	id A	PARAMETER	NM N	Java	jenkins	https://github.com/jenkinsci/jenkins
int	ID LUMNINANCE MIN	ATTRIBUTE	NM NM N	Java	Telegram	https://github.com/DrKLO/Telegram
Map	id Mention	DECLARATION	N NM	Java	corenlp	https://github.com/stanfordnlp/CoreNLP
GQuark	identifier quark	DECLARATION	NM N	C	gimp	https://github.com/GNOME/gimp
long	idle Delay	ATTRIBUTE	NM N	Java	jenkins	https://github.com/jenkinsci/jenkins
IdpConfiguration	idp Configuration	DECLARATION	NM N	Java	elasticsearch	https://github.com/elastic/elasticsearch
int	idx u	DECLARATION	NM N	C	blender	https://github.com/blender/blender
vector	im out shape	ATTRIBUTE	NM NM N	C++	opencv	https://github.com/opencv/opencv
ImageManager	Image Manager	CLASS	NM N	C++	blender	https://github.com/blender/blender
void	imb stereo3d read interlace	FUNCTION	PRE NM V N	C	blender	https://github.com/blender/blender
stbi_uc	img buffer original	ATTRIBUTE	NM N NM	C	ogre	https://github.com/OGRECave/ogre
IplImage[]	img stub	DECLARATION	NM N	C++	opencv	https://github.com/opencv/opencv
FREEIMAGETYPE	img Type	DECLARATION	NM N	C++	openFrameworks	https://github.com/openframeworks/openFrameworks
String	IMPLICIT GROUP KEY	DECLARATION	NM NM N	Java	elasticsearch	https://github.com/elastic/elasticsearch
Grammar	import G	PARAMETER	NM N	Java	antlr4	https://github.com/antlr/antlr4
wchart	in	PARAMETER	N	C++	bullet3	https://github.com/bulletphysics/bullet3
float	in buffer	PARAMETER	NM N	C	openFrameworks	https://github.com/openframeworks/openFrameworks
Strategy	in Cache	DECLARATION	P N	Java	Telegram	https://github.com/DrKLO/Telegram
bool	in SCC	FUNCTION	P N	C++	swift	https://github.com/apple/swift
boolean	inbound	PARAMETER	NM	Java	okhttp	https://github.com/square/okhttp
IndexData	index Data	ATTRIBUTE	NM NPL	C	ogre	https://github.com/OGRECave/ogre
String	INDEX PREFIX WITH TEMPLATE	ATTRIBUTE	NM N P N	Java	elasticsearch	https://github.com/elastic/elasticsearch
int	index Tensor	PARAMETER	NM N	C++	opencv	https://github.com/opencv/opencv
int	index To Loc Format	ATTRIBUTE	N P NM N	C	bullet3	https://github.com/bulletphysics/bullet3
Integer[]	indexes Of Suspicious Args	DECLARATION	NPL P NM NPL	Java	mockito	https://github.com/mockito/mockito
IntPtr	inertial Frame	DECLARATION	NM N	C#	bullet3	https://github.com/bulletphysics/bullet3
InetSocketAddress	inet Socket Address	ATTRIBUTE	NM NM N	Java	okhttp	https://github.com/square/okhttp
Real	inflation Leg NPV	FUNCTION	NM NM N	C++	QuantLib	https://github.com/lballabio/QuantLib
void	init For Group	FUNCTION	V P N	Java	Telegram	https://github.com/DrKLO/Telegram
Throwable	INITIALIZATION ERROR	ATTRIBUTE	NM N	Java	mockito	https://github.com/mockito/mockito
void	Initialize Dual Graph	FUNCTION	V NM N	C++	bullet3	https://github.com/bulletphysics/bullet3
float	inner Alpha	ATTRIBUTE	NM N	Java	Telegram	https://github.com/DrKLO/Telegram
Radian	inner Angle	PARAMETER	NM N	C++	ogre	https://github.com/OGRECave/ogre
auto	inst Results	DECLARATION	NM NPL	C++	swift	https://github.com/apple/swift
InstallUncaughtExceptionHandler	Install Uncaught Exception Handler	CLASS	V NM NM N	Java	jenkins	https://github.com/jenkinsci/jenkins
QString	institution	PARAMETER	N	C++	calligra	https://github.com/KDE/calligra
string	int Hex String	PARAMETER	NM NM N	C++	openFrameworks	https://github.com/openframeworks/openFrameworks
Type[]	interface Bounds	DECLARATION	NM NPL	Java	mockito	https://github.com/mockito/mockito
Internal	Internal	CLASS	NM	Java	okhttp	https://github.com/square/okhttp
InternalFFMpegRegister	Internal FFMpeg Register	CLASS	NM NM N	C++	opencv	https://github.com/opencv/opencv
Real	inv Flight K 2	DECLARATION	NM NM N D	C++	QuantLib	https://github.com/lballabio/QuantLib
float	inv unit scale	DECLARATION	NM NM N	C	blender	https://github.com/blender/blender
Interval	INVALID	ATTRIBUTE	NM	Java	antlr4	https://github.com/antlr/antlr4
String	INVALID HOST	ATTRIBUTE	NM N	Java	okhttp	https://github.com/square/okhttp
int	INVALID STATE NUMBER	ATTRIBUTE	NM NM N	Java	antlr4	https://github.com/antlr/antlr4
InverseDynamicsExample	Inverse Dynamics Example	CLASS	NM NM N	C++	bullet3	https://github.com/bulletphysics/bullet3
Vector3	inverted Direction	DECLARATION	NM N	C++	ogre	https://github.com/OGRECave/ogre
OutputStream	ios	PARAMETER	N	Java	jenkins	https://github.com/jenkinsci/jenkins
int	is a empty	DECLARATION	V DT N	C	grpc	https://github.com/grpc/grpc
boolean	is Blocked By Shutdown	FUNCTION	V V P N	Java	jenkins	https://github.com/jenkinsci/jenkins
BitVector	Is Bridged Argument	ATTRIBUTE	V NM N	C++	swift	https://github.com/apple/swift
bool	is canon	FUNCTION	V N	C	blender	https://github.com/blender/blender
boolean	is Conscrypt Preferred	FUNCTION	V N V	Java	okhttp	https://github.com/square/okhttp
boolean	is Dependency Changed	FUNCTION	V N V	Java	antlr4	https://github.com/antlr/antlr4
boolean	is First Frame	ATTRIBUTE	V DT N	Java	okhttp	https://github.com/square/okhttp
bool	is Friend	PARAMETER	V N	C++	kdevelop	https://github.com/KDE/kdevelop
bool	is Generic Type Disambiguating Token	FUNCTION	V NM NM NM N	C++	swift	https://github.com/apple/swift
bool	Is Indirect Result	ATTRIBUTE	V NM N	C	swift	https://github.com/apple/swift
int	is partial	ATTRIBUTE	V N	C	opencv	https://github.com/opencv/opencv
bool	is Stdlib Module	FUNCTION	V NM N	C++	swift	https://github.com/apple/swift
bool	is Sum Supported	FUNCTION	V N V	C++	opencv	https://github.com/opencv/opencv
bool	is Trained	DECLARATION	V V	C++	opencv	https://github.com/opencv/opencv
bool	is Valid Trailing Closure	FUNCTION	V NM NM N	C++	swift	https://github.com/apple/swift
double	items per second	DECLARATION	NPL P N	C++	grpc	https://github.com/grpc/grpc
JarURLConnection	jar URL Connection	DECLARATION	NM NM N	Java	jenkins	https://github.com/jenkinsci/jenkins
JFlexDummyLexer	JFlex Dummy Lexer	CLASS	PRE NM N	Java	corenlp	https://github.com/stanfordnlp/CoreNLP
JntArrayAcc	Jnt Array Acc	CLASS	NM NM N	C++	blender	https://github.com/blender/blender
u32	joint Start	DECLARATION	NM N	C++	irrlicht	https://github.com/zaki/irrlicht
bool	keep Aspect	ATTRIBUTE	V N	C++	calligra	https://github.com/KDE/calligra
QString	key	PARAMETER	N	C++	kdevelop	https://github.com/KDE/kdevelop
int	key Begin	DECLARATION	NM N	Java	okhttp	https://github.com/square/okhttp
queue	key Events Copy	DECLARATION	NM NM N	C++	openFrameworks	https://github.com/openframeworks/openFrameworks
KeyFrame	key Frame 2	PARAMETER	NM N D	C++	ogre	https://github.com/OGRECave/ogre
Setting	KEY PASSWORD PROFILES	ATTRIBUTE	NM NM NPL	Java	elasticsearch	https://github.com/elastic/elasticsearch
KeyStatus	Key Status	CLASS	NM N	Java	Telegram	https://github.com/DrKLO/Telegram
Keysym	key sym	ATTRIBUTE	NM N	C	ogre	https://github.com/OGRECave/ogre
map	kinects Copy	DECLARATION	NM N	C++	openFrameworks	https://github.com/openframeworks/openFrameworks
KoMainWindowPrivate	Ko Main Window Private	CLASS	PRE NM N NM	C++	calligra	https://github.com/KDE/calligra
KoPathPointRemoveCommandPrivate	Ko Path Point Remove Command Private	CLASS	PRE NM NM NM N NM	C++	calligra	https://github.com/KDE/calligra
KoRgbU8InvertColorTransformation	Ko Rgb U8 Invert Color Transformation	CLASS	PRE NM NM NM NM N	C++	calligra	https://github.com/KDE/calligra
KoSectionEndPrivate	Ko Section End Private	CLASS	PRE NM N NM	C++	calligra	https://github.com/KDE/calligra
KoShadowStylePrivate	Ko Shadow Style Private	CLASS	PRE NM N NM	C++	calligra	https://github.com/KDE/calligra
ListBase	l b layer	PARAMETER	NM NM N	C	blender	https://github.com/blender/blender
LabelAction	Label Action	CLASS	NM N	C++	calligra	https://github.com/KDE/calligra
gchar	label casefold	DECLARATION	NM N	C	gimp	https://github.com/GNOME/gimp
LabelDrawingWidget	Label Drawing Widget	CLASS	NM NM N	C++	calligra	https://github.com/KDE/calligra
int	label Op	PARAMETER	NM N	Java	antlr4	https://github.com/antlr/antlr4
LabelElementPair	label Pair	PARAMETER	NM N	Java	antlr4	https://github.com/antlr/antlr4
Pattern	label Regex	ATTRIBUTE	NM N	Java	corenlp	https://github.com/stanfordnlp/CoreNLP
int[]	labels	PARAMETER	NPL	C++	opencv	https://github.com/opencv/opencv
String	labels File	PARAMETER	NM N	Java	corenlp	https://github.com/stanfordnlp/CoreNLP
HashMap	language To Rules Files	ATTRIBUTE	N P NM NPL	Java	corenlp	https://github.com/stanfordnlp/CoreNLP
Array	last Gradient	FUNCTION	DT N	C++	QuantLib	https://github.com/lballabio/QuantLib
Size	last Saved Step	ATTRIBUTE	DT NM N	C++	QuantLib	https://github.com/lballabio/QuantLib
String	LATENCY ARG	ATTRIBUTE	NM N	Java	elasticsearch	https://github.com/elastic/elasticsearch
GeglNode	layer mask source node	ATTRIBUTE	NM NM NM N	C	gimp	https://github.com/GNOME/gimp
LayerParameter	Layer Parameter	CLASS	NM N	C++	opencv	https://github.com/opencv/opencv
vector	layer sizes	DECLARATION	NM NPL	C++	opencv	https://github.com/opencv/opencv
LayoutData	Layout Data	CLASS	NM N	C++	calligra	https://github.com/KDE/calligra
double[]	learned Lop Expert Weights 2D	PARAMETER	NM NM NM NPL NM	Java	corenlp	https://github.com/stanfordnlp/CoreNLP
Lease	Lease	CLASS	N	Java	jenkins	https://github.com/jenkinsci/jenkins
int	led Color	PARAMETER	NM N	Java	Telegram	https://github.com/DrKLO/Telegram
LeftRecursiveRuleFunction	Left Recursive Rule Function	CLASS	NM NM NM N	Java	antlr4	https://github.com/antlr/antlr4
int	left Sisters Buffer	DECLARATION	NM NM N	Java	corenlp	https://github.com/stanfordnlp/CoreNLP
int	len r	PARAMETER	NM N	C++	bullet3	https://github.com/bulletphysics/bullet3
LessDummyGuiHelper	Less Dummy Gui Helper	CLASS	NM NM NM N	C++	bullet3	https://github.com/bulletphysics/bullet3
unsigned	lhs Component	DECLARATION	NM N	C++	swift	https://github.com/apple/swift
LightAttenuationValue	Light Attenuation Value	CLASS	NM NM N	C++	ogre	https://github.com/OGRECave/ogre
vector3df	light Dim	PARAMETER	NM N	C++	irrlicht	https://github.com/zaki/irrlicht
double	line 1 grad	DECLARATION	NM D N	C	gimp	https://github.com/GNOME/gimp
int	line index mask len	PARAMETER	NM NM NM N	C	blender	https://github.com/blender/blender
int	line Y	DECLARATION	NM N	C++	calligra	https://github.com/KDE/calligra
c8[]	Link Name	ATTRIBUTE	NM N	C	irrlicht	https://github.com/zaki/irrlicht
QUrl	link URL	DECLARATION	NM N	C++	calligra	https://github.com/KDE/calligra
ListLevel	List Level	CLASS	NM N	C++	calligra	https://github.com/KDE/calligra
ResultBucket	literal Bucket	PARAMETER	NM N	C++	swift	https://github.com/apple/swift
int	loaded mentions count	DECLARATION	NM NM N	Java	Telegram	https://github.com/DrKLO/Telegram
LocalRef	Local Ref	CLASS	NM N	Java	antlr4	https://github.com/antlr/antlr4
vector	locations	ATTRIBUTE	NPL	C++	QuantLib	https://github.com/lballabio/QuantLib
bool	locking	PARAMETER	V	C++	grpc	https://github.com/grpc/grpc
LogMixedLinearCubicInterpolation	Log Mixed Linear Cubic Interpolation	CLASS	NM NM NM NM N	C++	QuantLib	https://github.com/lballabio/QuantLib
Logger	LOGGER	ATTRIBUTE	N	Java	jenkins	https://github.com/jenkinsci/jenkins
String[]	logger Name Parts	DECLARATION	NM NM NPL	Java	jenkins	https://github.com/jenkinsci/jenkins
Real	lower Boundary Factor	FUNCTION	NM NM N	C++	QuantLib	https://github.com/lballabio/QuantLib
int	lower tail	DECLARATION	NM N	C++	calligra	https://github.com/KDE/calligra
String	lp Binary Path Name	PARAMETER	PRE NM NM N	Java	jenkins	https://github.com/jenkinsci/jenkins
LsmBasisSystem	Lsm Basis System	CLASS	NM NM N	C++	QuantLib	https://github.com/lballabio/QuantLib
LVLCurrency	LVL Currency	CLASS	NM N	C++	QuantLib	https://github.com/lballabio/QuantLib
VcsAnnotation	m annotation	ATTRIBUTE	PRE N	C++	kdevelop	https://github.com/KDE/kdevelop
b3Scalar	m contact Motion 1	ATTRIBUTE	PRE NM N D	C++	bullet3	https://github.com/bulletphysics/bullet3
int	m count Activities	ATTRIBUTE	PRE NM NPL	Java	openFrameworks	https://github.com/openframeworks/openFrameworks
bool	m execute On Host	ATTRIBUTE	PRE V P N	C++	kdevelop	https://github.com/KDE/kdevelop
int	m FBO Height	ATTRIBUTE	PRE NM N	Java	opencv	https://github.com/opencv/opencv
b3OpenCLArray	m gpu Rays	ATTRIBUTE	PRE NM NPL	C++	bullet3	https://github.com/bulletphysics/bullet3
bool	m is indx present	ATTRIBUTE	PRE V NM N	C++	opencv	https://github.com/opencv/opencv
float	m Line Dash Offset	ATTRIBUTE	PRE NM NM N	C++	openFrameworks	https://github.com/openframeworks/openFrameworks
int	m num Visual Shapes Copied	ATTRIBUTE	PRE NM NM NM N	C	bullet3	https://github.com/bulletphysics/bullet3
Mode	m paste Mode	ATTRIBUTE	PRE NM N	C++	calligra	https://github.com/KDE/calligra
char[]	m post Fix	ATTRIBUTE	PRE NM N	C	bullet3	https://github.com/bulletphysics/bullet3
MultiBodyTree	m reference	ATTRIBUTE	PRE N	C++	bullet3	https://github.com/bulletphysics/bullet3
UserDataRequestArgs	m remove User Data Response Args	ATTRIBUTE	PRE NM NM NM NM NPL	C	bullet3	https://github.com/bulletphysics/bullet3
Resources	m Resources	ATTRIBUTE	PRE NPL	Java	opencv	https://github.com/opencv/opencv
streambuf	m sbuf	ATTRIBUTE	PRE N	C++	ogre	https://github.com/OGRECave/ogre
Pass	m Shadow Receiver Pass	ATTRIBUTE	PRE NM NM N	C	ogre	https://github.com/OGRECave/ogre
Quaternion	m Sky Box Orientation	ATTRIBUTE	PRE NM NM N	C	ogre	https://github.com/OGRECave/ogre
uint8	m Sky Plane Render Queue	ATTRIBUTE	PRE NM NM NM N	C	ogre	https://github.com/OGRECave/ogre
QStringList	m text Types	ATTRIBUTE	PRE NM NPL	C++	kdevelop	https://github.com/KDE/kdevelop
b3TransformChangeNotificationArgs	m transform Change Args	ATTRIBUTE	PRE NM NM NPL	C	bullet3	https://github.com/bulletphysics/bullet3
ParameterPtr	m VS Out Light Position	ATTRIBUTE	PRE NM NM NM N	C	ogre	https://github.com/OGRECave/ogre
Queue	m weaver	ATTRIBUTE	PRE N	C++	kdevelop	https://github.com/KDE/kdevelop
int	m window Width	ATTRIBUTE	PRE NM N	C++	bullet3	https://github.com/bulletphysics/bullet3
CodeCompletionWorker	m worker	ATTRIBUTE	PRE N	C++	kdevelop	https://github.com/KDE/kdevelop
ZoomController	m zoom Controller	ATTRIBUTE	PRE NM N	C++	kdevelop	https://github.com/KDE/kdevelop
MainClass	Main Class	CLASS	NM N	C#	grpc	https://github.com/grpc/grpc
String	make HTML Table	FUNCTION	V NM N	Java	corenlp	https://github.com/stanfordnlp/CoreNLP
String	MANIFEST FILE PREFIX	ATTRIBUTE	NM NM N	Java	elasticsearch	https://github.com/elastic/elasticsearch
guchar	mapped color	PARAMETER	NM N	C	gimp	https://github.com/GNOME/gimp
vector	mapped labels	DECLARATION	NM NPL	C++	opencv	https://github.com/opencv/opencv
Maps	Maps	CLASS	NPL	Java	corenlp	https://github.com/stanfordnlp/CoreNLP
void	mark As Fetching	FUNCTION	V P V	Java	elasticsearch	https://github.com/elastic/elasticsearch
MaskComponents	Mask Components	CLASS	NM NPL	C++	gimp.idents	https://github.com/GNOME/gimp
boolean	match By IP	FUNCTION	V P N	Java	elasticsearch	https://github.com/elastic/elasticsearch
ExpectedExceptionMatcherBuilder	matcher Builder	ATTRIBUTE	NM N	Java	junit4	https://github.com/junit-team/junit4
boolean	matches Any Parent Categories	FUNCTION	V DT NM NPL	Java	junit4	https://github.com/junit-team/junit4
long	max Age Seconds Long	DECLARATION	NM NM NPL N	Java	okhttp	https://github.com/square/okhttp
sharedptr	max basket	DECLARATION	NM N	C++	QuantLib	https://github.com/lballabio/QuantLib
int	max Buffer Size	ATTRIBUTE	NM NM N	C++	opencv	https://github.com/opencv/opencv
MaxCore	Max Core	CLASS	NM N	Java	junit4	https://github.com/junit-team/junit4
int	max Draw Buffers	FUNCTION	NM NM NPL	C++	openFrameworks	https://github.com/openframeworks/openFrameworks
quint64	max File Open	ATTRIBUTE	NM N NM	C++	kdevelop	https://github.com/KDE/kdevelop
sizet	max input size	DECLARATION	NM NM N	C++	grpc	https://github.com/grpc/grpc
int	max Requests Per Host	PARAMETER	NM NPL P N	Java	okhttp	https://github.com/square/okhttp
double	max scale f	PARAMETER	NM NM N	C++	opencv	https://github.com/opencv/opencv
int	max width	ATTRIBUTE	NM N	C++	openFrameworks	https://github.com/openframeworks/openFrameworks
sizet	max Work Group Size	ATTRIBUTE	NM NM NM N	C++	opencv	https://github.com/opencv/opencv
void	maximize All	FUNCTION	V DT	C++	openFrameworks	https://github.com/openframeworks/openFrameworks
int	media Chunk Index	PARAMETER	NM NM N	Java	Telegram	https://github.com/DrKLO/Telegram
MediaChunkIterator	Media Chunk Iterator	CLASS	NM NM N	Java	Telegram	https://github.com/DrKLO/Telegram
uint	melanin ofs	DECLARATION	NM N	C	blender	https://github.com/blender/blender
MentionDetectionEvaluator	Mention Detection Evaluator	CLASS	NM NM N	Java	corenlp	https://github.com/stanfordnlp/CoreNLP
String	merged Type	DECLARATION	NM N	Java	elasticsearch	https://github.com/elastic/elasticsearch
MetadataSnapshot	metadata Snapshot	FUNCTION	NM N	Java	elasticsearch	https://github.com/elastic/elasticsearch
Class	method Handles	DECLARATION	NM NPL	Java	mockito	https://github.com/mockito/mockito
auto	method index	DECLARATION	NM N	C++	grpc	https://github.com/grpc/grpc
String[]	method Name Prefixes	PARAMETER	NM NM NPL	Java	junit4	https://github.com/junit-team/junit4
double	Min Error	PARAMETER	NM N	C++	opencv	https://github.com/opencv/opencv
int	min Font Size	ATTRIBUTE	NM NM N	Java	corenlp	https://github.com/stanfordnlp/CoreNLP
int	min Fresh	PARAMETER	NM N	Java	okhttp	https://github.com/square/okhttp
int	min Fresh Seconds	PARAMETER	NM NM NPL	Java	okhttp	https://github.com/square/okhttp
TransducerGraph	minimized Random FA	DECLARATION	NM NM N	Java	corenlp	https://github.com/stanfordnlp/CoreNLP
MINIMUM_SUPPORTED_VERSION	MINIMUM SUPPORTED VERSION	CLASS	NM NM N	Java	jenkins	https://github.com/jenkinsci/jenkins
Set	missing Classes	DECLARATION	NM NPL	Java	elasticsearch	https://github.com/elastic/elasticsearch
vector	mkt Factors	PARAMETER	NM NPL	C++	QuantLib	https://github.com/lballabio/QuantLib
MockCreationSettings	mock Creation Settings	PARAMETER	NM NM NPL	Java	mockito	https://github.com/mockito/mockito
MockCreationValidator	Mock Creation Validator	CLASS	NM NM N	Java	mockito	https://github.com/mockito/mockito
Method	mock Method	DECLARATION	NM N	Java	mockito	https://github.com/mockito/mockito
MockReference	mock Ref	ATTRIBUTE	NM N	Java	mockito	https://github.com/mockito/mockito
MockitoAssertionError	Mockito Assertion Error	CLASS	PRE NM N	Java	mockito	https://github.com/mockito/mockito
ModificationInterface	mod Iface	DECLARATION	NM N	C++	kdevelop	https://github.com/KDE/kdevelop
Sezpoz	module Finder	ATTRIBUTE	NM N	Java	jenkins	https://github.com/jenkinsci/jenkins
ModuleHandler	Module Handler	CLASS	NM N	Java	mockito	https://github.com/mockito/mockito
MonoPInvokeCallbackAttribute	Mono P Invoke Callback Attribute	CLASS	NM NM NM NM N	C#	grpc	https://github.com/grpc/grpc
int	MORE	ATTRIBUTE	DT	Java	antlr4	https://github.com/antlr/antlr4
MediaHandler	movie Media Handler	DECLARATION	NM NM N	C++	openFrameworks	https://github.com/openframeworks/openFrameworks
Mp4Extractor	Mp4 Extractor	CLASS	NM N	Java	Telegram	https://github.com/DrKLO/Telegram
MP4Input	MP4 Input	CLASS	NM N	Java	Telegram	https://github.com/DrKLO/Telegram
MpegAudioReader	Mpeg Audio Reader	CLASS	NM NM N	Java	Telegram	https://github.com/DrKLO/Telegram
mutex	mtx	ATTRIBUTE	N	C++	opencv	https://github.com/opencv/opencv
MultiCubicSpline	MultiCubic Spline	CLASS	NM N	C++	QuantLib	https://github.com/lballabio/QuantLib
MultipleFailureException	Multiple Failure Exception	CLASS	NM NM N	Java	junit4	https://github.com/junit-team/junit4
bool	multiple Occurences	ATTRIBUTE	NM NPL	C++	calligra	https://github.com/KDE/calligra
MultiPolygon	MultiPolygon	CLASS	N	Java	elasticsearch	https://github.com/elastic/elasticsearch
ThreadMXBean	mx Bean	DECLARATION	NM N	Java	junit4	https://github.com/junit-team/junit4
NormalDistribution	n d	ATTRIBUTE	NM N	C++	QuantLib	https://github.com/lballabio/QuantLib
gint32	n layers	PARAMETER	NM NPL	C	gimp	https://github.com/GNOME/gimp
int nrepeats	n repeats	DECLARATION	NM NPL	C++	opencv	https://github.com/opencv/opencv
float	n Shininess	PARAMETER	NM N	C++	openFrameworks	https://github.com/openframeworks/openFrameworks
vector3d	n vector	PARAMETER	NM N	C	irrlicht	https://github.com/zaki/irrlicht
LinearLayout	name Container	ATTRIBUTE	NM N	Java	Telegram	https://github.com/DrKLO/Telegram
List	named Writeables	PARAMETER	NM NPL	Java	elasticsearch	https://github.com/elastic/elasticsearch
bool	Nav Visible	ATTRIBUTE	N NM	C	bullet3	https://github.com/bulletphysics/bullet3
int	nbr gaps	DECLARATION	NM NPL	C	blender	https://github.com/blender/blender
int	nd Formula	DECLARATION	NM N	C++	calligra	https://github.com/KDE/calligra
int	nearest point	DECLARATION	NM N	C	blender	https://github.com/blender/blender
bool	need fallback	DECLARATION	V N	C	blender	https://github.com/blender/blender
guint	neighbor pos	DECLARATION	NM N	C	gimp	https://github.com/GNOME/gimp
NetStateRuleDefaultTypeInternal	Net State Rule Default Type Internal	CLASS	NM NM NM NM N NM	C++	opencv	https://github.com/opencv/opencv
Object	network Security Policy	DECLARATION	NM NM N	Java	okhttp	https://github.com/square/okhttp
NewAggregateBuilderMap	New Aggregate Builder Map	CLASS	NM NM NM N	C++	swift	https://github.com/apple/swift
Exchange	new Exchange	FUNCTION	NM N	Java	okhttp	https://github.com/square/okhttp
MappedFieldType	new Field Type	PARAMETER	NM NM N	Java	elasticsearch	https://github.com/elastic/elasticsearch
List	new Files	PARAMETER	NM NPL	Java	corenlp	https://github.com/stanfordnlp/CoreNLP
gint	new image height	DECLARATION	NM NM N	C	gimp	https://github.com/GNOME/gimp
int	new order	DECLARATION	NM N	C	blender	https://github.com/blender/blender
String	new Rule Text	DECLARATION	NM NM N	Java	antlr4	https://github.com/antlr/antlr4
SILType	new Sil Type	DECLARATION	NM NM N	C++	swift	https://github.com/apple/swift
QList	new Strokes	ATTRIBUTE	NM NPL	C++	calligra	https://github.com/KDE/calligra
VerificationMode	new Verification Mode	PARAMETER	NM NM N	Java	mockito	https://github.com/mockito/mockito
long	new Warning Header Size	DECLARATION	NM NM NM N	Java	elasticsearch	https://github.com/elastic/elasticsearch
float	new Y	ATTRIBUTE	NM N	C++	calligra	https://github.com/KDE/calligra
int	next Giphy Search Offset	ATTRIBUTE	DT NM NM N	Java	Telegram	https://github.com/DrKLO/Telegram
string	next Line	PARAMETER	DT N	C++	kdevelop	https://github.com/KDE/kdevelop
ShaderOutput	node find output by name	FUNCTION	N V N P N	C++	blender	https://github.com/blender/blender
NodeShape	Node Shape	CLASS	NM N	C++	blender	https://github.com/blender/blender
CSGNoiseSource	noise 1	DECLARATION	N D	C++	ogre	https://github.com/OGRECave/ogre
JsonArrayBuilder	non Greedy States Builder	DECLARATION	NM NM NM N	Java	antlr4	https://github.com/antlr/antlr4
sizet	nonce length	ATTRIBUTE	NM N	C++	grpc	https://github.com/grpc/grpc
void	notify Touch Down	FUNCTION	V NM N	C++	openFrameworks	https://github.com/openframeworks/openFrameworks
MockitoException	null Passed To Verify No More Interactions	FUNCTION	N V P V VM DT NPL	Java	mockito	https://github.com/mockito/mockito
NullProgram	Null Program	CLASS	NM N	C++	ogre	https://github.com/OGRECave/ogre
Class	nullable Class	PARAMETER	NM N	Java	junit4	https://github.com/junit-team/junit4
boolean	nulls Ok	FUNCTION	NPL NM	Java	junit4	https://github.com/junit-team/junit4
Num	Num	CLASS	N	C#	grpc	https://github.com/grpc/grpc
int	num Active Contexts	PARAMETER	NM NM NPL	C++	bullet3	https://github.com/bulletphysics/bullet3
u16	Num Active Tris	ATTRIBUTE	NM NM NPL	C++	irrlicht	https://github.com/zaki/irrlicht
gint	num axis events	ATTRIBUTE	NM NM NPL	C	gimp	https://github.com/GNOME/gimp
u32	num body parts	ATTRIBUTE	NM NM NPL	C	irrlicht	https://github.com/zaki/irrlicht
int	num cols	ATTRIBUTE	NM NPL	C	blender	https://github.com/blender/blender
Size	num Factors	PARAMETER	NM NPL	C++	QuantLib	https://github.com/lballabio/QuantLib
int	num Files	PARAMETER	NM NPL	C++	openFrameworks	https://github.com/openframeworks/openFrameworks
u32	num groups	ATTRIBUTE	NM NPL	C	irrlicht	https://github.com/zaki/irrlicht
int	num Keys	PARAMETER	NM NPL	Java	corenlp	https://github.com/stanfordnlp/CoreNLP
gint	num light	ATTRIBUTE	NM N	C	gimp	https://github.com/GNOME/gimp
sizet	num metadata	DECLARATION	NM N	C++	grpc	https://github.com/grpc/grpc
int	num Outs	ATTRIBUTE	NM NPL	Java	openFrameworks	https://github.com/openframeworks/openFrameworks
sizet	num primes	DECLARATION	NM NPL	C	Telegram	https://github.com/DrKLO/Telegram
int	num States	DECLARATION	NM NPL	Java	corenlp	https://github.com/stanfordnlp/CoreNLP
int	num Tess Face Data	ATTRIBUTE	NM NM NM N	C	blender	https://github.com/blender/blender
int16t	num Vec Per Segment	DECLARATION	NM N P N	C	Telegram	https://github.com/DrKLO/Telegram
int	num Verts In A	DECLARATION	NM NPL P N	C	bullet3	https://github.com/bulletphysics/bullet3
Size	number Elementary Vegas	ATTRIBUTE	NM NM NPL	C++	QuantLib	https://github.com/lballabio/QuantLib
u32	number Of Joysticks	DECLARATION	N P NPL	C++	irrlicht	https://github.com/zaki/irrlicht
u16	Number Start	ATTRIBUTE	NM N	C	irrlicht	https://github.com/zaki/irrlicht
String	number Str	PARAMETER	NM N	Java	jenkins	https://github.com/jenkinsci/jenkins
QString	numbering Path	DECLARATION	NM N	C++	calligra	https://github.com/KDE/calligra
OAuthSession	OAuth Session	CLASS	NM N	Java	okhttp	https://github.com/square/okhttp
OAuthSessionFactory	OAuth Session Factory	CLASS	NM NM N	Java	okhttp	https://github.com/square/okhttp
ObjectProjection	obj Proj	DECLARATION	NM N	C++	swift	https://github.com/apple/swift
Object	object With To String	FUNCTION	N P P N	Java	junit4	https://github.com/junit-team/junit4
OdfSymbolType	odf Symbol Type	ATTRIBUTE	NM NM N	C++	calligra	https://github.com/KDE/calligra
OFAndroidLifeCycleHelper	OF Android Life Cycle Helper	CLASS	PRE NM NM NM N	Java	openFrameworks	https://github.com/openframeworks/openFrameworks
OFAndroidObject	OF Android Object	CLASS	PRE NM N	Java	openFrameworks	https://github.com/openframeworks/openFrameworks
OFAndroidSoundPlayer	OF Android Sound Player	CLASS	PRE NM NM N	Java	openFrameworks	https://github.com/openframeworks/openFrameworks
OFAndroidWindow	OF Android Window	CLASS	PRE NM N	Java	openFrameworks	https://github.com/openframeworks/openFrameworks
OFOrientationListener	OF Orientation Listener	CLASS	PRE NM N	Java	openFrameworks	https://github.com/openframeworks/openFrameworks
string	of To Binary	FUNCTION	PRE P N	C++	openFrameworks	https://github.com/openframeworks/openFrameworks
grpcclosure	on connect	PARAMETER	P N	C	grpc	https://github.com/grpc/grpc
void	on Group Call Key Sent	FUNCTION	P NM NM N NM	Java	Telegram	https://github.com/DrKLO/Telegram
Void	on Implies	FUNCTION	P V	Java	jenkins	https://github.com/jenkinsci/jenkins
OnItemLongClickListener	on Item Long Click Listener	ATTRIBUTE	P NM NM NM N	Java	Telegram	https://github.com/DrKLO/Telegram
boolean	one Document	DECLARATION	NM N	Java	corenlp	https://github.com/stanfordnlp/CoreNLP
Notification	ongoing Call Notification	ATTRIBUTE	NM NM N	Java	Telegram	https://github.com/DrKLO/Telegram
int	OP CODE CONTINUATION	ATTRIBUTE	NM NM N	Java	okhttp	https://github.com/square/okhttp
OpPool	Op Pool	CLASS	NM N	C++	opencv	https://github.com/opencv/opencv
String[]	open Class Tags	DECLARATION	NM NM NPL	Java	corenlp	https://github.com/stanfordnlp/CoreNLP
DeclTable	operator Method Decls	PARAMETER	NM NM NPL	C++	swift	https://github.com/apple/swift
bool	optimize Identity Cast Composition	FUNCTION	V NM NM N	C++	swift	https://github.com/apple/swift
OrderWith	order With	DECLARATION	V P	Java	junit4	https://github.com/junit-team/junit4
Request	order With	FUNCTION	V P	Java	junit4	https://github.com/junit-team/junit4
List	ordered Invocations	PARAMETER	NM NPL	Java	mockito	https://github.com/mockito/mockito
float	ori W	DECLARATION	NM N	C++	bullet3	https://github.com/bulletphysics/bullet3
MockingDetails	original Mocking Details	ATTRIBUTE	NM NM NPL	Java	mockito	https://github.com/mockito/mockito
Set	original Set	PARAMETER	NM N	Java	elasticsearch	https://github.com/elastic/elasticsearch
long	other Data Len Bits	ATTRIBUTE	NM NM NM NPL	Java	Telegram	https://github.com/DrKLO/Telegram
char	out buf	PARAMETER	NM N	C	irrlicht	https://github.com/zaki/irrlicht
double[]	out d G	DECLARATION	N NM NM	C	Telegram	https://github.com/DrKLO/Telegram
char[]	out table	PARAMETER	NM N	C	bullet3	https://github.com/bulletphysics/bullet3
TestRule	outer Rule	PARAMETER	NM N	Java	junit4	https://github.com/junit-team/junit4
T	output array	PARAMETER	NM N	C++	grpc	https://github.com/grpc/grpc
OutputDelegatePrivate	Output Delegate Private	CLASS	NM N NM	C++	kdevelop	https://github.com/KDE/kdevelop
int	overlap	PARAMETER	N	C	Telegram	https://github.com/DrKLO/Telegram
auto	overriden Function It	DECLARATION	NM NM N	C++	kdevelop	https://github.com/KDE/kdevelop
unzglobalinfo	p global info 32	PARAMETER	PRE NM N D	C	bullet3	https://github.com/bulletphysics/bullet3
long	packet Sample Count	PARAMETER	NM NM N	Java	Telegram	https://github.com/DrKLO/Telegram
Optional	packet sent	ATTRIBUTE	NM N	C	grpc	https://github.com/grpc/grpc
auto	PAI Arg	DECLARATION	NM N	C++	swift	https://github.com/apple/swift
GtkWidget	paint radio	DECLARATION	NM N	C	gimp	https://github.com/GNOME/gimp
bool	palette poll	FUNCTION	N V	C	blender	https://github.com/blender/blender
sizet	palette size	PARAMETER	NM N	C++	bullet3	https://github.com/bulletphysics/bullet3
ParallelComputer	Parallel Computer	CLASS	NM N	Java	junit4	https://github.com/junit-team/junit4
ParameterDef	param Def	DECLARATION	NM N	C	ogre	https://github.com/OGRECave/ogre
Assignments	parameter Assignment	PARAMETER	NM N	Java	junit4	https://github.com/junit-team/junit4
ParameterSignature	Parameter Signature	CLASS	NM N	Java	junit4	https://github.com/junit-team/junit4
String	PARENT	ATTRIBUTE	N	Java	jenkins	https://github.com/jenkinsci/jenkins
vector	parent field	PARAMETER	NM N	C++	opencv	https://github.com/opencv/opencv
boolean	parent Had Big Change	PARAMETER	N V NM N	Java	elasticsearch	https://github.com/elastic/elasticsearch
List	parent Pairs	FUNCTION	NM NPL	Java	corenlp	https://github.com/stanfordnlp/CoreNLP
Attribute	parse Attribute Def	FUNCTION	V NM N	Java	antlr4	https://github.com/antlr/antlr4
long	parse Expires	FUNCTION	V NPL	Java	okhttp	https://github.com/square/okhttp
ParseJobPrivate	Parse Job Private	CLASS	NM N NM	C++	kdevelop	https://github.com/KDE/kdevelop
long	parse Max Age	FUNCTION	V NM N	Java	okhttp	https://github.com/square/okhttp
List parserErrors	parser Errors	ATTRIBUTE	NM NPL	Java	junit4	https://github.com/junit-team/junit4
bool	parsing	PARAMETER	V	C++	calligra	https://github.com/KDE/calligra
PartDocumentPrivate	Part Document Private	CLASS	NM N NM	C++	kdevelop	https://github.com/KDE/kdevelop
int	parts Size	DECLARATION	NM N	Java	elasticsearch	https://github.com/elastic/elasticsearch
MachineInstContainer	Pass Machine Instructions	PARAMETER	NM NM NPL	C	ogre	https://github.com/OGRECave/ogre
string	passphrase	DECLARATION	N	C++	openFrameworks	https://github.com/openframeworks/openFrameworks
PatchCoordBuffer	Patch Coord Buffer	CLASS	NM NM N	C++	blender	https://github.com/blender/blender
QString	path With Native Separators	FUNCTION	N P NM NPL	C	kdevelop	https://github.com/KDE/kdevelop
PatternsAnnotations	Patterns Annotations	CLASS	NM NPL	Java	corenlp	https://github.com/stanfordnlp/CoreNLP
Real	pd Sum	DECLARATION	NM N	C++	QuantLib	https://github.com/lballabio/QuantLib
char	pem key	PARAMETER	NM N	C++	grpc	https://github.com/grpc/grpc
bool	pen Loaded	PARAMETER	N V	C++	calligra	https://github.com/KDE/calligra
PhysicsClientExample	Physics Client Example	CLASS	NM NM N	C++	bullet3	https://github.com/bulletphysics/bullet3
int	pi Hash	PARAMETER	PRE N	C	Telegram	https://github.com/DrKLO/Telegram
c8	pickup	ATTRIBUTE	N	C	irrlicht	https://github.com/zaki/irrlicht
PiecewiseConstantAbcdVariance	Piecewise Constant Abcd Variance	CLASS	NM NM NM N	C++	QuantLib	https://github.com/lballabio/QuantLib
s32	pixel Width	ATTRIBUTE	NM N	C	irrlicht	https://github.com/zaki/irrlicht
string[]	platform String	DECLARATION	NM N	C++	openFrameworks	https://github.com/openframeworks/openFrameworks
void	png do strip channel	FUNCTION	NM V V N	C	irrlicht	https://github.com/zaki/irrlicht
PNGAPI	png get rows	FUNCTION	NM V NPL	C	irrlicht	https://github.com/zaki/irrlicht
PNGAPI	png get unknown chunks	FUNCTION	NM V NM NPL	C	irrlicht	https://github.com/zaki/irrlicht
void	png init palette transformations	FUNCTION	NM V NM NPL	C	irrlicht	https://github.com/zaki/irrlicht
void	png read IDAT data	FUNCTION	NM V NM N	C	irrlicht	https://github.com/zaki/irrlicht
void	pnm load raw pfm	FUNCTION	NM V NM N	C	gimp	https://github.com/GNOME/gimp
Point3_	Point 3	CLASS	N D	C++	opencv	https://github.com/opencv/opencv
int	point index	PARAMETER	NM N	C	blender	https://github.com/blender/blender
PointerMap	Pointer Map	CLASS	NM N	C++	grpc	https://github.com/grpc/grpc
String	polling Log	PARAMETER	NM N	Java	jenkins	https://github.com/jenkinsci/jenkins
PostFile	Post File	CLASS	NM N	Java	okhttp	https://github.com/square/okhttp
PostScriptDocument	Post Script Document	CLASS	NM NM N	Java	antlr4	https://github.com/antlr/antlr4
Map	pre Map	PARAMETER	P N	Java	corenlp	https://github.com/stanfordnlp/CoreNLP
PredicateWrapper	Predicate Wrapper	CLASS	NM N	C++	blender	https://github.com/blender/blender
String	PREF FONT	ATTRIBUTE	NM N	Java	corenlp	https://github.com/stanfordnlp/CoreNLP
aiVector3D	present Scaling	DECLARATION	NM N	C++	openFrameworks	https://github.com/openframeworks/openFrameworks
int	prev num hooks	DECLARATION	DT NM NPL	C++	grpc	https://github.com/grpc/grpc
IntervalSet	prev Property	ATTRIBUTE	DT N	Java	antlr4	https://github.com/antlr/antlr4
int	prev Signal Bar Count	DECLARATION	DT NM NM N	C++	Telegram	https://github.com/DrKLO/Telegram
String	previous Caption	ATTRIBUTE	DT N	Java	Telegram	https://github.com/DrKLO/Telegram
QModelIndex	previous Index	PARAMETER	DT N	C++	calligra	https://github.com/KDE/calligra
Real	previous Initial Value	PARAMETER	DT NM N	C++	QuantLib	https://github.com/lballabio/QuantLib
bool	previous Is Valid	PARAMETER	DT V NM	C++	calligra	https://github.com/KDE/calligra
int	previous Stream Id	DECLARATION	DT NM N	Java	okhttp	https://github.com/square/okhttp
D3D11PRIMITIVETOPOLOGY	prim Type	DECLARATION	NM N	C++	ogre	https://github.com/OGRECave/ogre
PrintEvents	Print Events	CLASS	NM NPL	Java	okhttp	https://github.com/square/okhttp
int	print Features Up to	ATTRIBUTE	V NPL VM P	Java	corenlp	https://github.com/stanfordnlp/CoreNLP
boolean	print t	PARAMETER	V N	C	gimp	https://github.com/GNOME/gimp
ProblemReporterFactory	Problem Reporter Factory	CLASS	NM NM N	C++	kdevelop	https://github.com/KDE/kdevelop
Process	Process	CLASS	N	C++	gimp.idents	https://github.com/GNOME/gimp
sharedptr	process Helper	FUNCTION	NM N	C++	QuantLib	https://github.com/lballabio/QuantLib
Features	processing Level	DECLARATION	NM N	C++	kdevelop	https://github.com/KDE/kdevelop
Bool	progress out	DECLARATION	V N	C	irrlicht	https://github.com/zaki/irrlicht
bool	progressive	PARAMETER	N	C++	blender	https://github.com/blender/blender
ProjectControllerPrivate	Project Controller Private	CLASS	NM N NM	C++	kdevelop	https://github.com/KDE/kdevelop
QString	project file	PARAMETER	NM N	C++	kdevelop	https://github.com/KDE/kdevelop
Path	projects Dir	PARAMETER	NM N	C++	kdevelop	https://github.com/KDE/kdevelop
List	promises	PARAMETER	NPL	Java	okhttp	https://github.com/square/okhttp
String	pronoun	PARAMETER	N	Java	corenlp	https://github.com/stanfordnlp/CoreNLP
GimpColorProfile	proof profile	ATTRIBUTE	NM N	C	gimp	https://github.com/GNOME/gimp
IntervalSet	property Interval Set	PARAMETER	NM NM N	Java	antlr4	https://github.com/antlr/antlr4
int	provider Code	DECLARATION	NM N	Java	Telegram	https://github.com/DrKLO/Telegram
PublishResponse	Publish Response	CLASS	NM N	Java	elasticsearch	https://github.com/elastic/elasticsearch
void	push Reset Later	FUNCTION	V N VM	Java	okhttp	https://github.com/square/okhttp
PutWatchRequest	put Watch Request	PARAMETER	NM NM N	Java	elasticsearch	https://github.com/elastic/elasticsearch
PyObject	pybullet compute View Matrix	FUNCTION	PRE V NM N	C	bullet3	https://github.com/bulletphysics/bullet3
sendrequest	q tail	ATTRIBUTE	NM N	C	grpc	https://github.com/grpc/grpc
QRDetect	QR Detect	CLASS	NM N	C++	opencv	https://github.com/opencv/opencv
Quad	Quad	CLASS	N	C++	blender	https://github.com/blender/blender
long	query Timeout In Ms	PARAMETER	NM N P NPL	Java	elasticsearch	https://github.com/elastic/elasticsearch
GrammarAST	question AST	PARAMETER	NM N	Java	antlr4	https://github.com/antlr/antlr4
Quote	Quote	CLASS	N	C++	QuantLib	https://github.com/lballabio/QuantLib
RangeInRevision	r	PARAMETER	N	C++	kdevelop	https://github.com/KDE/kdevelop
camhdr	r hdr	DECLARATION	NM N	C	openFrameworks	https://github.com/openframeworks/openFrameworks
float	radius	PARAMETER	N	C	gimp	https://github.com/GNOME/gimp
sharedptr	random Walk	PARAMETER	NM N	C++	QuantLib	https://github.com/lballabio/QuantLib
void	rate Pointer	PARAMETER	NM N	C++	bullet3	https://github.com/bulletphysics/bullet3
Object	raw Arguments	ATTRIBUTE	NM NPL	Java	mockito	https://github.com/mockito/mockito
List	raw Extra Interfaces	DECLARATION	NM NM NPL	Java	mockito	https://github.com/mockito/mockito
GPUVertBufRaw	raw nor	DECLARATION	NM N	C	blender	https://github.com/blender/blender
SILValue	RC Identity	ATTRIBUTE	NM N	C	swift	https://github.com/apple/swift
float	rcp len 2	DECLARATION	NM N D	C	bullet3	https://github.com/bulletphysics/bullet3
void	read Element Text Span	FUNCTION	V NM NM N	C++	calligra	https://github.com/KDE/calligra
ReadBufferOperation	read Operation	PARAMETER	NM N	C++	blender	https://github.com/blender/blender
void	read Pass	FUNCTION	V N	C++	irrlicht	https://github.com/zaki/irrlicht
List	read Response	FUNCTION	V N	Java	okhttp	https://github.com/square/okhttp
FLACbool	read subframe	FUNCTION	V N	C	Telegram	https://github.com/DrKLO/Telegram
char	Read Text File	FUNCTION	V NM N	C++	ogre	https://github.com/OGRECave/ogre
void	read White Space	FUNCTION	V NM N	Java	corenlp	https://github.com/stanfordnlp/CoreNLP
int	reader Flags	PARAMETER	NM NPL	Java	mockito	https://github.com/mockito/mockito
void	reapply Filter	FUNCTION	V N	C++	calligra	https://github.com/KDE/calligra
String	received Token Signature	DECLARATION	NM NM N	Java	jenkins	https://github.com/jenkinsci/jenkins
ReconstructUpdateCallback	Reconstruct Update Callback	CLASS	NM NM N	C++	blender	https://github.com/blender/blender
RecordHeader	Record Header	CLASS	NM N	C++	calligra	https://github.com/KDE/calligra
int	recorded Matchers Size	DECLARATION	NM NM N	Java	mockito	https://github.com/mockito/mockito
u32	rectangle Index	DECLARATION	NM N	C++	irrlicht	https://github.com/zaki/irrlicht
JSONObject	reduced Json	DECLARATION	NM N	Java	jenkins	https://github.com/jenkinsci/jenkins
int	reduction Indices	ATTRIBUTE	NM NPL	C++	opencv	https://github.com/opencv/opencv
QPointF	ref Point Offset Percent	ATTRIBUTE	NM NM NM N	C++	calligra	https://github.com/KDE/calligra
Map	referee Set Map	PARAMETER	NM NM N	Java	jenkins	https://github.com/jenkinsci/jenkins
List	reference Index Meta Datas	ATTRIBUTE	NM NM NM NPL	Java	elasticsearch	https://github.com/elastic/elasticsearch
SourceRange	Reference Range	PARAMETER	NM N	C++	swift	https://github.com/apple/swift
String	REFRESH INTERVAL IN MILLIS	ATTRIBUTE	NM N P NPL	Java	elasticsearch	https://github.com/elastic/elasticsearch
MeanMetric	refresh Metric	PARAMETER	NM N	Java	elasticsearch	https://github.com/elastic/elasticsearch
RefutablePatternInitialization	Refutable Pattern Initialization	CLASS	NM NM N	C++	swift	https://github.com/apple/swift
void	register With Volatility Spread	FUNCTION	V P NM N	C++	QuantLib	https://github.com/lballabio/QuantLib
f32	relative contrast	PARAMETER	NM N	C++	irrlicht	https://github.com/zaki/irrlicht
Int32	rem F	DECLARATION	NM N	C	irrlicht	https://github.com/zaki/irrlicht
void	remap Nearest Neighbor	FUNCTION	V NM N	C++	opencv	https://github.com/opencv/opencv
Set	remote Cluster Names	PARAMETER	NM NM NPL	Java	elasticsearch	https://github.com/elastic/elasticsearch
RemotingDiagnostics	Remoting Diagnostics	CLASS	NM NPL	Java	jenkins	https://github.com/jenkinsci/jenkins
void	remove Imported Parent Contexts	FUNCTION	V NM NM NPL	C++	kdevelop	https://github.com/KDE/kdevelop
void	render result exr file end	FUNCTION	V NM NM NM N	C	blender	https://github.com/blender/blender
void	Render Text	FUNCTION	V N	C++	bullet3	https://github.com/bulletphysics/bullet3
auto	REPL Module	DECLARATION	NM N	C++	swift	https://github.com/apple/swift
StringSet	Replace Text Context	ATTRIBUTE	NM NM N	C++	swift	https://github.com/apple/swift
sizet	Replacement Length	ATTRIBUTE	NM N	C	swift	https://github.com/apple/swift
void	report No Setter Found	FUNCTION	V DT N V	Java	mockito	https://github.com/mockito/mockito
void	repress Ref At Loc	FUNCTION	V N P N	C++	swift	https://github.com/apple/swift
uint8t	request bytes	DECLARATION	NM NPL	C++	grpc	https://github.com/grpc/grpc
Map	requested Plugins	DECLARATION	NM NPL	Java	jenkins	https://github.com/jenkinsci/jenkins
void	require Client Auth	FUNCTION	V NM N	Java	okhttp	https://github.com/square/okhttp
int	res Width	PARAMETER	NM N	C++	openFrameworks	https://github.com/openframeworks/openFrameworks
vector	resamplers	ATTRIBUTE	NPL	C++	Telegram	https://github.com/DrKLO/Telegram
SILFunction	Reserve Fn	PARAMETER	NM N	C++	swift	https://github.com/apple/swift
void	reset Meta Class Cache	FUNCTION	V NM NM N	Java	jenkins	https://github.com/jenkinsci/jenkins
void	Reset Token Stats	FUNCTION	V NM NPL	C	Telegram	https://github.com/DrKLO/Telegram
void	resize Linear Open CV	FUNCTION	V NM NM N	C++	opencv	https://github.com/opencv/opencv
void	resize Nearest Neighbor	FUNCTION	V NM N	C++	opencv	https://github.com/opencv/opencv
ResolvedFailedException	Resolved Failed Exception	CLASS	NM NM N	Java	jenkins	https://github.com/jenkinsci/jenkins
ResponseHandlers	Response Handlers	CLASS	NM NPL	Java	elasticsearch	https://github.com/elastic/elasticsearch
RestClient	Rest Client	CLASS	NM N	C++	openFrameworks	https://github.com/openframeworks/openFrameworks
boolean	resume	PARAMETER	V	Java	Telegram	https://github.com/DrKLO/Telegram
Predicate	retain Function	PARAMETER	NM N	Java	corenlp	https://github.com/stanfordnlp/CoreNLP
restrict	rets	PARAMETER	NPL	C	blender	https://github.com/blender/blender
bool	return Path	PARAMETER	NM N	C++	irrlicht	https://github.com/zaki/irrlicht
Object	returned Value	ATTRIBUTE	NM N	Java	mockito	https://github.com/mockito/mockito
ReturnsEmptyValues	Returns Empty Values	CLASS	V NM NPL	Java	mockito	https://github.com/mockito/mockito
Answer	RETURNS SELF	ATTRIBUTE	V N	Java	mockito	https://github.com/mockito/mockito
void	rgb 2 rgb565	FUNCTION	N P N	C++	opencv	https://github.com/opencv/opencv
guchar[]	rgb real	DECLARATION	NM N	C	gimp	https://github.com/GNOME/gimp
Real	risky Annuity	ATTRIBUTE	NM N	C++	QuantLib	https://github.com/lballabio/QuantLib
RiskyBond	Risky Bond	CLASS	NM N	C++	QuantLib	https://github.com/lballabio/QuantLib
RollingFrictionDemo	Rolling Friction Demo	CLASS	NM NM N	C++	bullet3	https://github.com/bulletphysics/bullet3
PointerRNA	root ptr	DECLARATION	NM N	C	blender	https://github.com/blender/blender
Vector	rot axis	PARAMETER	NM N	C++	blender	https://github.com/blender/blender
gchar	rotate desc	ATTRIBUTE	NM N	C	gimp	https://github.com/GNOME/gimp
vector3df	rotation Per Second	PARAMETER	N P N	C++	irrlicht	https://github.com/zaki/irrlicht
ExtendedBounds	rounded Bounds	DECLARATION	NM NPL	Java	elasticsearch	https://github.com/elastic/elasticsearch
int	row limit	ATTRIBUTE	NM N	C++	grpc	https://github.com/grpc/grpc
RSComputeOperation	RS Compute Operation	CLASS	NM NM N	C++	ogre	https://github.com/OGRECave/ogre
RSStencilOperation	RS Stencil Operation	CLASS	NM NM N	C++	ogre	https://github.com/OGRECave/ogre
ofRtAudioSoundStream	rt Stream Ptr	DECLARATION	NM NM N	C++	openFrameworks	https://github.com/openframeworks/openFrameworks
RtmSession	rtm Session	DECLARATION	NM N	Java	okhttp	https://github.com/square/okhttp
RuleMemberValidator	Rule Member Validator	CLASS	NM NM N	Java	junit4	https://github.com/junit-team/junit4
Set	rule Options	ATTRIBUTE	NM NPL	Java	antlr4	https://github.com/antlr/antlr4
RulePropertyRef_ctx	Rule Property Ref ctx	CLASS	NM NM NM N	Java	antlr4	https://github.com/antlr/antlr4
RulePropertyRef_start	Rule Property Ref start	CLASS	NM NM NM N	Java	antlr4	https://github.com/antlr/antlr4
RuleVersionAttribute	Rule Version Attribute	CLASS	NM NM N	C#	antlr4	https://github.com/antlr/antlr4
List	rules Of New Chain	DECLARATION	N P NM N	Java	junit4	https://github.com/junit-team/junit4
RunAfterParams	Run After Params	CLASS	V NM NPL	Java	junit4	https://github.com/junit-team/junit4
String	RUN DIST CMD PROP	ATTRIBUTE	NM NM NM N	Java	corenlp	https://github.com/stanfordnlp/CoreNLP
void	run Methods	FUNCTION	V NPL	Java	junit4	https://github.com/junit-team/junit4
ParametersRunnerFactory	runner Factory	PARAMETER	NM N	Java	junit4	https://github.com/junit-team/junit4
Runner	runner Override	ATTRIBUTE	NM N	Java	junit4	https://github.com/junit-team/junit4
RunnerScheduler	Runner Scheduler	CLASS	NM N	Java	junit4	https://github.com/junit-team/junit4
Real	running Log Average	DECLARATION	NM NM N	C++	QuantLib	https://github.com/lballabio/QuantLib
Object	runtime Mx Bean	ATTRIBUTE	NM NM N	Java	junit4	https://github.com/junit-team/junit4
string	s Tracking System Name	DECLARATION	PRE NM NM N	C++	bullet3	https://github.com/bulletphysics/bullet3
TerrainLayerSamplerList	samplers	ATTRIBUTE	NPL	C	ogre	https://github.com/OGRECave/ogre
QString	sanitize Path	FUNCTION	V N	C++	kdevelop	https://github.com/KDE/kdevelop
Dst	saturated cast	FUNCTION	NM N	C	Telegram	https://github.com/DrKLO/Telegram
void	save As Quadratic Png	FUNCTION	V P NM N	C++	calligra	https://github.com/KDE/calligra
bool	save Dual Cells	PARAMETER	V NM NPL	C	ogre	https://github.com/OGRECave/ogre
char	scene Node Type Name	PARAMETER	NM NM NM N	C++	irrlicht	https://github.com/zaki/irrlicht
double[]	score Pos Prev	DECLARATION	NM N DT	Java	corenlp	https://github.com/stanfordnlp/CoreNLP
QHash	script Event Action Factories	ATTRIBUTE	NM NM NM NPL	C++	calligra	https://github.com/KDE/calligra
ScrollIdForNode	Scroll Id For Node	CLASS	NM N P N	Java	elasticsearch	https://github.com/elastic/elasticsearch
Map	search Profile Results	PARAMETER	NM NM NPL	Java	elasticsearch	https://github.com/elastic/elasticsearch
GimpHueRange	secondary range	PARAMETER	NM N	C	gimp	https://github.com/GNOME/gimp
SegmenterCoreAnnotations	Segmenter Core Annotations	CLASS	NM NM NPL	Java	corenlp	https://github.com/stanfordnlp/CoreNLP
SeiReader	Sei Reader	CLASS	NM N	Java	Telegram	https://github.com/DrKLO/Telegram
int	selected Account	ATTRIBUTE	NM N	Java	Telegram	https://github.com/DrKLO/Telegram
GeglRectangle	selection bounds	DECLARATION	NM NPL	C	gimp	https://github.com/GNOME/gimp
GtkWidget	selection width label	ATTRIBUTE	NM NM N	C	gimp	https://github.com/GNOME/gimp
void	send Serial Config	FUNCTION	V NM N	C++	openFrameworks	https://github.com/openframeworks/openFrameworks
void	send String	FUNCTION	V N	Java	openFrameworks	https://github.com/openframeworks/openFrameworks
List	sentence List	DECLARATION	NM N	Java	corenlp	https://github.com/stanfordnlp/CoreNLP
QColor	separator Color	PARAMETER	NM N	C++	calligra	https://github.com/KDE/calligra
SerializedForm	Serialized Form	CLASS	NM N	Java	junit4	https://github.com/junit-team/junit4
char	server list	PARAMETER	NM N	C++	grpc	https://github.com/grpc/grpc
ServerSafeHandle	Server Safe Handle	CLASS	NM NM N	C#	grpc	https://github.com/grpc/grpc
KConfigGroup	session Config	FUNCTION	NM N	C++	kdevelop	https://github.com/KDE/kdevelop
OAuthSessionFactory	session Factory	ATTRIBUTE	NM N	Java	okhttp	https://github.com/square/okhttp
char	session ticket key	ATTRIBUTE	NM NM N	C	grpc	https://github.com/grpc/grpc
void	Set Add Faces Points	FUNCTION	V V NM NPL	C	bullet3	https://github.com/bulletphysics/bullet3
Builder	set Canonical Mention Begin	FUNCTION	V NM NM N	Java	corenlp	https://github.com/stanfordnlp/CoreNLP
void	set Custom Uniform 1 f	FUNCTION	V NM N D NM	C++	openFrameworks	https://github.com/openframeworks/openFrameworks
clint	set Destructor Callback	FUNCTION	V NM N	C++	opencv	https://github.com/opencv/opencv
void	set Display Index	FUNCTION	V NM N	C++	ogre	https://github.com/OGRECave/ogre
CreationSettings	set Extra Interfaces	FUNCTION	V NM NPL	Java	mockito	https://github.com/mockito/mockito
void	set Frame Pen	FUNCTION	V NM N	C++	calligra	https://github.com/KDE/calligra
void	set Invert	FUNCTION	V N	C++	antlr4	https://github.com/antlr/antlr4
void	set Layer Texture Name	FUNCTION	V NM NM N	C++	ogre	https://github.com/OGRECave/ogre
void	set Project Naming Strategy	FUNCTION	V NM NM N	Java	jenkins	https://github.com/jenkinsci/jenkins
Method	set Protocol Method	PARAMETER	V NM N	Java	okhttp	https://github.com/square/okhttp
void	set Tiling	FUNCTION	V N	C++	ogre	https://github.com/OGRECave/ogre
SettingManager	Setting Manager	CLASS	NM N	C++	irrlicht	https://github.com/zaki/irrlicht
ofSoundStreamSettings	settings	PARAMETER	NPL	C++	openFrameworks	https://github.com/openframeworks/openFrameworks
void	setup Bounding Box Vertices	FUNCTION	V NM NM NPL	C++	ogre	https://github.com/OGRECave/ogre
sha2void	sha256 hash	FUNCTION	NM N	C++	irrlicht	https://github.com/zaki/irrlicht
void	shader data to shader globals	FUNCTION	NM NPL P NM NPL	C++	blender	https://github.com/blender/blender
ShiftReduceTrainOptions	Shift Reduce Train Options	CLASS	NM NM NM NPL	Java	corenlp	https://github.com/stanfordnlp/CoreNLP
vector	shift Values	ATTRIBUTE	NM NPL	C++	QuantLib	https://github.com/lballabio/QuantLib
bool	show tags	ATTRIBUTE	V NPL	C++	blender	https://github.com/blender/blender
SiblingAlignInfo	Sibling Info	PARAMETER	NM N	C++	swift	https://github.com/apple/swift
void	silk bw expander 32	FUNCTION	NM NM N D	C	Telegram	https://github.com/DrKLO/Telegram
auto	simple Fn Ty	DECLARATION	NM NM N	C++	swift	https://github.com/apple/swift
SimplePressure	Simple Pressure	CLASS	NM N	C++	gimp.idents	https://github.com/GNOME/gimp
void	simulate GC	FUNCTION	V N	Java	corenlp	https://github.com/stanfordnlp/CoreNLP
float	sin rot w	DECLARATION	NM NM N	C++	ogre	https://github.com/OGRECave/ogre
SinglePeriodTimeline	Single Period Timeline	CLASS	NM NM N	Java	Telegram	https://github.com/DrKLO/Telegram
SINH	SINH	CLASS	N	Java	elasticsearch	https://github.com/elastic/elasticsearch
ImVec2	size contents	PARAMETER	NM NPL	C++	bullet3	https://github.com/bulletphysics/bullet3
long	size Guess	DECLARATION	NM N	Java	jenkins	https://github.com/jenkinsci/jenkins
int	size Per Span	DECLARATION	N P N	Java	Telegram	https://github.com/DrKLO/Telegram
SKEditorConsumer	SK Editor Consumer	CLASS	NM NM N	C++	swift	https://github.com/apple/swift
boolean	skip Whitespace And Commas	FUNCTION	V N CJ NPL	Java	okhttp	https://github.com/square/okhttp
SlackClient	Slack Client	CLASS	NM N	Java	okhttp	https://github.com/square/okhttp
DataType	sort Field Data Type	ATTRIBUTE	NM NM NM N	Java	elasticsearch	https://github.com/elastic/elasticsearch
int	sorted Indices Buf	PARAMETER	NM NM N	C++	opencv	https://github.com/opencv/opencv
uint32t	source index	DECLARATION	NM N	C	openFrameworks	https://github.com/openframeworks/openFrameworks
auto	source Ty	DECLARATION	NM N	C++	swift	https://github.com/apple/swift
Optional	speaker	FUNCTION	N	Java	corenlp	https://github.com/stanfordnlp/CoreNLP
int16t	speech in	PARAMETER	NM N	C	Telegram	https://github.com/DrKLO/Telegram
gint	spline max len	ATTRIBUTE	NM NM N	C	gimp	https://github.com/GNOME/gimp
int	split Argument List	FUNCTION	V NM N	Java	antlr4	https://github.com/antlr/antlr4
array	Sprites	ATTRIBUTE	NPL	C++	irrlicht	https://github.com/zaki/irrlicht
int	sqlite3 session config	FUNCTION	PRE N V	C	Telegram	https://github.com/DrKLO/Telegram
int	sqlite3 Walk Expr List	FUNCTION	PRE V NM N	C	Telegram	https://github.com/DrKLO/Telegram
QFileInfo	src File Info	DECLARATION	NM NM N	C++	kdevelop	https://github.com/KDE/kdevelop
QGradient	src Gradient	PARAMETER	NM N	C++	calligra	https://github.com/KDE/calligra
int	src start idx	DECLARATION	NM NM N	C++	opencv	https://github.com/opencv/opencv
grpcchannelcredentials	ssl creds	DECLARATION	NM NPL	C++	grpc	https://github.com/grpc/grpc
STGroup	st lib	ATTRIBUTE	NM N	Java	antlr4	https://github.com/antlr/antlr4
stack	stack	ATTRIBUTE	N	C++	grpc	https://github.com/grpc/grpc
QList	start Dirs	PARAMETER	NM NPL	C++	kdevelop	https://github.com/KDE/kdevelop
int	Start Slot	PARAMETER	NM N	C++	ogre	https://github.com/OGRECave/ogre
Real	start Up Fix Cost	PARAMETER	NM NM NM N	C++	QuantLib	https://github.com/lballabio/QuantLib
Map	state To Grammar Region Map	ATTRIBUTE	N P NM NM N	Java	antlr4	https://github.com/antlr/antlr4
Statement	statement	ATTRIBUTE	N	Java	junit4	https://github.com/junit-team/junit4
rect	static Rect	DECLARATION	NM N	C++	irrlicht	https://github.com/zaki/irrlicht
File	status File	DECLARATION	NM N	Java	antlr4	https://github.com/antlr/antlr4
File	status File	PARAMETER	NM N	Java	antlr4	https://github.com/antlr/antlr4
QIcon	status Icon	FUNCTION	NM N	C++	kdevelop	https://github.com/KDE/kdevelop
int	Step No	ATTRIBUTE	NM N	C	bullet3	https://github.com/bulletphysics/bullet3
Real	step Size	DECLARATION	NM N	C++	QuantLib	https://github.com/lballabio/QuantLib
int	step x	DECLARATION	NM N	C++	opencv	https://github.com/opencv/opencv
int	stmt Close	FUNCTION	N V	C	Telegram	https://github.com/DrKLO/Telegram
StochasticProcess	Stochastic Process	CLASS	NM N	C++	QuantLib	https://github.com/lballabio/QuantLib
QStringList	str args	DECLARATION	NM NPL	C++	kdevelop	https://github.com/KDE/kdevelop
sizet	str array len	FUNCTION	NM NM N	C++	bullet3	https://github.com/bulletphysics/bullet3
Headers	stream Headers	DECLARATION	NM NPL	Java	okhttp	https://github.com/square/okhttp
float	strength	PARAMETER	N	C	blender	https://github.com/blender/blender
StrictnessSelector	Strictness Selector	CLASS	NM N	Java	mockito	https://github.com/mockito/mockito
GrammarAST	strip Left Recursion	FUNCTION	V NM N	Java	antlr4	https://github.com/antlr/antlr4
PyObject	Stroke Attribute alpha get	FUNCTION	NM NM N V	C++	blender	https://github.com/blender/blender
StructType	Struct Ty	ATTRIBUTE	NM N	C++	swift	https://github.com/apple/swift
StubbingComparator	Stubbing Comparator	CLASS	NM N	Java	mockito	https://github.com/mockito/mockito
List stubbingLookupListeners	stubbing Lookup Listeners	ATTRIBUTE	NM NM NPL	Java	mockito	https://github.com/mockito/mockito
SUTime	SU Time	CLASS	NM N	Java	corenlp	https://github.com/stanfordnlp/CoreNLP
vector	Sub Module Name Visibility Pairs	ATTRIBUTE	NM NM NM NM NPL	C++	swift	https://github.com/apple/swift
constiterator	sub start	DECLARATION	NM N	C++	openFrameworks	https://github.com/openframeworks/openFrameworks
String	subroutine Slot Name	PARAMETER	NM NM N	C++	ogre	https://github.com/OGRECave/ogre
SuiteMethod	Suite Method	CLASS	NM N	Java	junit4	https://github.com/junit-team/junit4
SuiteMethodBuilder	Suite Method Builder	CLASS	NM NM N	Java	junit4	https://github.com/junit-team/junit4
RealMethod	super Method	PARAMETER	NM N	Java	mockito	https://github.com/mockito/mockito
Class	supplier Class	PARAMETER	NM N	Java	junit4	https://github.com/junit-team/junit4
XIMStyle	supported Style	DECLARATION	NM N	C++	irrlicht	https://github.com/zaki/irrlicht
bool	suppress File	PARAMETER	V N	C++	ogre	https://github.com/OGRECave/ogre
int	sz Joint Ranges	DECLARATION	NM NM NPL	C	bullet3	https://github.com/bulletphysics/bullet3
QStyleOptionTab	tab Overlap	DECLARATION	NM N	C++	kdevelop	https://github.com/KDE/kdevelop
QSet	tagged Resources	DECLARATION	NM NPL	C++	calligra	https://github.com/KDE/calligra
ATNState	target	PARAMETER	N	C++	antlr4	https://github.com/antlr/antlr4
char	target chars	DECLARATION	NM NPL	C	grpc	https://github.com/grpc/grpc
void	target Started	FUNCTION	N V	Java	jenkins	https://github.com/jenkinsci/jenkins
TaskImpl	Task Impl	CLASS	NM N	Java	jenkins	https://github.com/jenkinsci/jenkins
uint32t	tbl index	PARAMETER	NM N	C++	grpc	https://github.com/grpc/grpc
Object	tcp Slave Agent Listener Lock	ATTRIBUTE	NM NM NM NM N	Java	jenkins	https://github.com/jenkinsci/jenkins
int	TEGRA MORPH INIT	FUNCTION	PRE N V	C++	opencv	https://github.com/opencv/opencv
DeclAttributes	temp Attrs	DECLARATION	NM NPL	C++	swift	https://github.com/apple/swift
TempCompMask	Temp Comp Mask	CLASS	NM NM N	C++	gimp.idents	https://github.com/GNOME/gimp
TemperatureCauchy1D	Temperature Cauchy 1D	CLASS	NM N NM	C++	QuantLib	https://github.com/lballabio/QuantLib
TemplatePreviewIconData	Template Preview Icon Data	CLASS	NM NM NM NPL	C++	kdevelop	https://github.com/KDE/kdevelop
TemporaryFolder	Temporary Folder	CLASS	NM N	Java	junit4	https://github.com/junit-team/junit4
void	tessellate To Mesh	FUNCTION	V P N	C++	openFrameworks	https://github.com/openframeworks/openFrameworks
int	tex ID	PARAMETER	NM N	Java	openFrameworks	https://github.com/openframeworks/openFrameworks
TextPaintView	Text Paint View	CLASS	NM NM N	Java	Telegram	https://github.com/DrKLO/Telegram
InvocationOnMock	the Invocation	PARAMETER	DT N	Java	mockito	https://github.com/mockito/mockito
AssignExpr	Then	ATTRIBUTE	N	C++	swift	https://github.com/apple/swift
int	thread Array Size	DECLARATION	NM NM N	Java	junit4	https://github.com/junit-team/junit4
double	tick Freq	PARAMETER	NM N	C++	opencv	https://github.com/opencv/opencv
uint32	TIFF Current Tile	FUNCTION	NM NM N	C	opencv	https://github.com/opencv/opencv
TIFFSizeProc	TIFF Get Size Proc	FUNCTION	NM V NM N	C	opencv	https://github.com/opencv/opencv
TileParameterDefaultTypeInternal	Tile Parameter Default Type Internal	CLASS	NM NM NM N NM	C++	opencv	https://github.com/opencv/opencv
float	time range	PARAMETER	NM N	C	blender	https://github.com/blender/blender
TimeSignalCommand	Time Signal Command	CLASS	NM NM N	Java	Telegram	https://github.com/DrKLO/Telegram
Timespec	time spec	ATTRIBUTE	NM N	C#	grpc	https://github.com/grpc/grpc
Timelapser	Timelapser	CLASS	N	C++	opencv	https://github.com/opencv/opencv
Cancellable	timeout Task	PARAMETER	NM N	Java	elasticsearch	https://github.com/elastic/elasticsearch
int	times To Append Last Matcher	PARAMETER	NPL P V DT N	Java	mockito	https://github.com/mockito/mockito
vector	tlv Symbols	ATTRIBUTE	NM NPL	C++	swift	https://github.com/apple/swift
float[]	tmp vec	DECLARATION	NM N	C	blender	https://github.com/blender/blender
ToStringWalker	To String Walker	CLASS	P N N	C++	grpc	https://github.com/grpc/grpc
double[]	to XYZ	DECLARATION	P N	C	bullet3	https://github.com/bulletphysics/bullet3
JSONObject	token Data	DECLARATION	NM N	Java	jenkins	https://github.com/jenkinsci/jenkins
TokenPropertyRef	Token Property Ref	CLASS	NM NM N	Java	antlr4	https://github.com/antlr/antlr4
TokenPropertyRef_channel	Token Property Ref channel	CLASS	NM NM NM N	Java	antlr4	https://github.com/antlr/antlr4
TokenTypeDecl	Token Type Decl	CLASS	NM NM N	Java	antlr4	https://github.com/antlr/antlr4
String	token Type S	DECLARATION	NM NM N	Java	antlr4	https://github.com/antlr/antlr4
Token	token Within Action	PARAMETER	N P N	Java	antlr4	https://github.com/antlr/antlr4
Position	tool View Position	FUNCTION	NM NM N	C++	kdevelop	https://github.com/KDE/kdevelop
bool	Top Dir	PARAMETER	NM N	C++	grpc	https://github.com/grpc/grpc
TopNGramRecord	Top NGram Record	CLASS	NM NM N	Java	corenlp	https://github.com/stanfordnlp/CoreNLP
int totchannel	tot channel	ATTRIBUTE	NM N	C	blender	https://github.com/blender/blender
sizet	tot elem	ATTRIBUTE	NM N	C	blender	https://github.com/blender/blender
CounterMetric	total Merge Throttled Time	ATTRIBUTE	NM NM NM N	Java	elasticsearch	https://github.com/elastic/elasticsearch
CommodityUnitCost	trade Price	ATTRIBUTE	NM N	C++	QuantLib	https://github.com/lballabio/QuantLib
Builder	training Examples	FUNCTION	NM NPL	Java	corenlp	https://github.com/stanfordnlp/CoreNLP
Real	tranched Loss After	DECLARATION	NM N P	C++	QuantLib	https://github.com/lballabio/QuantLib
PathInfo	transform Path	FUNCTION	V N	C++	QuantLib	https://github.com/lballabio/QuantLib
Affine3	transform Unique Id	DECLARATION	NM NM N	C++	ogre	https://github.com/OGRECave/ogre
TransportShardRefreshAction	Transport Shard Refresh Action	CLASS	NM NM NM N	Java	elasticsearch	https://github.com/elastic/elasticsearch
TreeElement	Tree Element	CLASS	NM N	C++	blender	https://github.com/blender/blender
TreePostScriptGenerator	Tree Post Script Generator	CLASS	NM NM NM N	Java	antlr4	https://github.com/antlr/antlr4
bool	trim Parse Trees	DECLARATION	V NM NPL	C#	antlr4	https://github.com/antlr/antlr4
Treebank	tune Treebank	DECLARATION	NM N	Java	corenlp	https://github.com/stanfordnlp/CoreNLP
TupleLValueEmitter	Tuple LValue Emitter	CLASS	NM NM N	C++	swift	https://github.com/apple/swift
void	two Factor Response	FUNCTION	NM NM N	C++	kdevelop	https://github.com/KDE/kdevelop
char	txt alias	DECLARATION	NM N	C	grpc	https://github.com/grpc/grpc
int	TYPE TEST RULE	ATTRIBUTE	NM NM N	Java	junit4	https://github.com/junit-team/junit4
byte	TYPE WINDOW UPDATE	ATTRIBUTE	N NM NM	Java	okhttp	https://github.com/square/okhttp
T[]	typed Array	PARAMETER	NM N	Java	mockito	https://github.com/mockito/mockito
int	ui Index	DECLARATION	NM N	C++	ogre	https://github.com/OGRECave/ogre
BytesReference	uncompress If Needed	FUNCTION	V CJ V	Java	elasticsearch	https://github.com/elastic/elasticsearch
Handle	underlying Fx Correlation	PARAMETER	NM NM N	C++	QuantLib	https://github.com/lballabio/QuantLib
Money	undiscounted Amount	PARAMETER	NM N	C++	QuantLib	https://github.com/lballabio/QuantLib
String	UNKNOWN USERNAME	ATTRIBUTE	NM N	Java	jenkins	https://github.com/jenkinsci/jenkins
void	unload Textures	FUNCTION	V NPL	C++	openFrameworks	https://github.com/openframeworks/openFrameworks
void	unpack texture Blend Func	FUNCTION	V NM NM N	C	irrlicht	https://github.com/zaki/irrlicht
requestmatcher	unregistered request matcher	ATTRIBUTE	NM NM N	C++	grpc	https://github.com/grpc/grpc
SoloFilePathFilter	UNRESTRICTED	ATTRIBUTE	NM	Java	jenkins	https://github.com/jenkinsci/jenkins
GeglRectangle	update area	DECLARATION	NM N	C	gimp	https://github.com/GNOME/gimp
void	update Mouse Pos	FUNCTION	V NM N	C++	calligra	https://github.com/KDE/calligra
HttpUrl	url From Json	FUNCTION	N P N	Java	okhttp	https://github.com/square/okhttp
int	usage	PARAMETER	N	C++	openFrameworks	https://github.com/openframeworks/openFrameworks
bool	use Atm Spread	ATTRIBUTE	V NM N	C++	QuantLib	https://github.com/lballabio/QuantLib
bool	use mat dirs	DECLARATION	V NM NPL	C++	irrlicht	https://github.com/zaki/irrlicht
bool	use Shadows 1	PARAMETER	V NPL D	C++	bullet3	https://github.com/bulletphysics/bullet3
bool	use Tabs	PARAMETER	V NPL	C++	kdevelop	https://github.com/KDE/kdevelop
User2InternalIndex	User 2 Internal Index	CLASS	N P NM N	C++	bullet3	https://github.com/bulletphysics/bullet3
void	user hook 3	ATTRIBUTE	NM N D	C	blender	https://github.com/blender/blender
sizet	utf8 size	PARAMETER	NM N	C++	grpc	https://github.com/grpc/grpc
Guid	uuid	ATTRIBUTE	N	C#	antlr4	https://github.com/antlr/antlr4
float	v proj axis	DECLARATION	NM NM N	C	blender	https://github.com/blender/blender
StringTokenizer	v Tok	DECLARATION	NM N	Java	elasticsearch	https://github.com/elastic/elasticsearch
uint	val 32	ATTRIBUTE	N D	C++	opencv	https://github.com/opencv/opencv
sizet	Val Size	DECLARATION	NM N	C++	grpc	https://github.com/grpc/grpc
void	validate Class Rules	FUNCTION	V NM NPL	Java	junit4	https://github.com/junit-team/junit4
u32	validate On	PARAMETER	V P	C++	irrlicht	https://github.com/zaki/irrlicht
void	validate Public Static Void Methods	FUNCTION	V NM NM NM NPL	Java	junit4	https://github.com/junit-team/junit4
List	validator Strategies	ATTRIBUTE	NM NPL	Java	junit4	https://github.com/junit-team/junit4
Value	Value	CLASS	N	C++	Telegram	https://github.com/DrKLO/Telegram
String	value Count String	DECLARATION	NM NM N	Java	okhttp	https://github.com/square/okhttp
QHash	value Hash	ATTRIBUTE	NM N	C++	calligra	https://github.com/KDE/calligra
ValueLabel	Value Label	CLASS	NM N	Java	corenlp	https://github.com/stanfordnlp/CoreNLP
Real	value X	DECLARATION	NM N	C++	QuantLib	https://github.com/lballabio/QuantLib
VanillaForwardPayoff	Vanilla Forward Payoff	CLASS	NM NM N	C++	QuantLib	https://github.com/lballabio/QuantLib
Object[]	var Args	DECLARATION	NM NPL	Java	mockito	https://github.com/mockito/mockito
vector	variables	ATTRIBUTE	NPL	C++	QuantLib	https://github.com/lballabio/QuantLib
Set	vary Fields	DECLARATION	NM NPL	Java	okhttp	https://github.com/square/okhttp
VerificationModeFactory	Verification Mode Factory	CLASS	NM NM N	Java	mockito	https://github.com/mockito/mockito
VerificationOverTimeImpl	verification Over Time	DECLARATION	N P N	Java	mockito	https://github.com/mockito/mockito
void	verification Started	FUNCTION	N V	Java	mockito	https://github.com/mockito/mockito
VerificationStrategy	verification Strategy	ATTRIBUTE	NM N	Java	mockito	https://github.com/mockito/mockito
emailkeymapping	verifier get mapping	FUNCTION	N V N	C++	grpc	https://github.com/grpc/grpc
VertexPosition	Vertex Position	CLASS	NM N	C++	bullet3	https://github.com/bulletphysics/bullet3
VideoCapture_DShow	Video Capture DShow	CLASS	NM NM N	C++	opencv	https://github.com/opencv/opencv
freenectchunkcb	video chunk cb	ATTRIBUTE	NM NM N	C	openFrameworks	https://github.com/openframeworks/openFrameworks
void	visit SIL Argument	FUNCTION	V NM N	C++	swift	https://github.com/apple/swift
VoronoiFractureDemo	Voronoi Fracture Demo	CLASS	NM NM N	C++	bullet3	https://github.com/bulletphysics/bullet3
int	w Width	ATTRIBUTE	NM N	C++	ogre	https://github.com/OGRECave/ogre
long	wait Until	DECLARATION	V P	Java	jenkins	https://github.com/jenkinsci/jenkins
Set	waiting List	PARAMETER	NM N	Java	jenkins	https://github.com/jenkinsci/jenkins
int	want x	PARAMETER	V N	C	openFrameworks	https://github.com/openframeworks/openFrameworks
WarningFailureException	Warning Failure Exception	CLASS	NM NM N	C++	openFrameworks	https://github.com/openframeworks/openFrameworks
s32	wat id	DECLARATION	NM N	C	irrlicht	https://github.com/zaki/irrlicht
WebSocketListener	Web Socket Listener	CLASS	NM NM N	Java	okhttp	https://github.com/square/okhttp
vector	weights Multipliers	ATTRIBUTE	NM NPL	C++	opencv	https://github.com/opencv/opencv
void	widget Destroyed	FUNCTION	N V	C++	kdevelop	https://github.com/KDE/kdevelop
boolean	will Return Last Parameter	PARAMETER	V V DT N	Java	mockito	https://github.com/mockito/mockito
int	win Error	DECLARATION	NM N	C++	ogre	https://github.com/OGRECave/ogre
Challenge	with Charset	FUNCTION	P N	Java	okhttp	https://github.com/square/okhttp
MakeCms	with Cms Leg Rule	FUNCTION	P NM NM N	C++	QuantLib	https://github.com/lballabio/QuantLib
ModelSettings	with Market Rate Accuracy	FUNCTION	P NM NM N	C++	QuantLib	https://github.com/lballabio/QuantLib
Settings	with Rate Bound	FUNCTION	P NM N	C++	QuantLib	https://github.com/lballabio/QuantLib
MockResponse	with Web Socket Upgrade	FUNCTION	P NM NM N	Java	okhttp	https://github.com/square/okhttp
gboolean	within vertically	DECLARATION	P VM	C	gimp	https://github.com/GNOME/gimp
WordLemmaTag	word Lemma Tag	PARAMETER	NM NM N	Java	corenlp	https://github.com/stanfordnlp/CoreNLP
void	worker Thread Wait	FUNCTION	NM N V	C++	bullet3	https://github.com/bulletphysics/bullet3
WorkspaceFileMask	Workspace File Mask	CLASS	NM NM N	Java	jenkins	https://github.com/jenkinsci/jenkins
vec3	world To Screen	FUNCTION	N P N	C++	openFrameworks	https://github.com/openframeworks/openFrameworks
int	worst score	DECLARATION	NM N	C	opencv	https://github.com/opencv/opencv
RunListener	wrap If Not Thread Safe	FUNCTION	V CJ VM NM N	Java	junit4	https://github.com/junit-team/junit4
WrapperType	wrapped Verification	PARAMETER	NM N	Java	mockito	https://github.com/mockito/mockito
Class	wrapper Class	DECLARATION	NM N	Java	junit4	https://github.com/junit-team/junit4
WriteContext	Write Context	CLASS	NM N	C++	grpc	https://github.com/grpc/grpc
void	write Node Materials	FUNCTION	V NM NPL	C++	irrlicht	https://github.com/zaki/irrlicht
void	write tcp data	FUNCTION	V NM N	C	grpc	https://github.com/grpc/grpc
WSDLSSolver	WSDLS Solver	CLASS	NM N	C++	blender	https://github.com/blender/blender
btScalar	x 2	DECLARATION	N D	C++	bullet3	https://github.com/bulletphysics/bullet3
float	x Distance	DECLARATION	NM N	Java	openFrameworks	https://github.com/openframeworks/openFrameworks
Atom	X dnd Type List	ATTRIBUTE	NM NM NM N	C	blender	https://github.com/blender/blender
short	x origin	ATTRIBUTE	NM N	C	bullet3	https://github.com/bulletphysics/bullet3
f32	X scale	ATTRIBUTE	NM N	C	irrlicht	https://github.com/zaki/irrlicht
int	x Tilt	FUNCTION	NM N	C++	calligra	https://github.com/KDE/calligra
Real	y In	PARAMETER	NM N	C++	ogre	https://github.com/OGRECave/ogre
S32	ya Bottom	ATTRIBUTE	NM N	C	calligra	https://github.com/KDE/calligra
SmallVectorImpl	yield MVs	PARAMETER	NM NPL	C++	swift	https://github.com/apple/swift
freenectzeroplaneinfo	z p i	PARAMETER	NM NM N	C	openFrameworks	https://github.com/openframeworks/openFrameworks
double[]	z probs	PARAMETER	NM NPL	Java	corenlp	https://github.com/stanfordnlp/CoreNLP
Real	z weight	ATTRIBUTE	NM N	C++	QuantLib	https://github.com/lballabio/QuantLib
int	zero plane res	ATTRIBUTE	NM NM N	C	openFrameworks	https://github.com/openframeworks/openFrameworks
T	a	PARAMETER	N	C++	drill	https://github.com/apache/drill
char	a 0	PARAMETER	N D	C	rigraph	https://github.com/igraph/rigraph
int	a 3	DECLARATION	N D	C	toggldesktop	https://github.com/toggl-open-source/toggldesktop
int	a cap	PARAMETER	NM N	C	rigraph	https://github.com/igraph/rigraph
int	a Change	PARAMETER	PRE N	C	ccv	https://github.com/liuliu/ccv
asn1_ctx_t	a ctx	PARAMETER	NM N	C	wireshark	https://github.com/wireshark/wireshark
int	a len	PARAMETER	NM N	C	naemon-core	https://github.com/naemon/naemon-core
u8	a light	PARAMETER	DT N	C++	freeminer	https://github.com/freeminer/freeminer
u8	a Old Record 1	PARAMETER	PRE NM N D	C	ccv	https://github.com/liuliu/ccv
sqlite3_value**	a Replace	PARAMETER	PRE V	C	ccv	https://github.com/liuliu/ccv
Throwable	a Throwable	PARAMETER	DT NM	Java	Spark	https://github.com/apache/spark
long	a time	PARAMETER	NM N	Java	drill	https://github.com/apache/drill
ovsdb_type	a type	PARAMETER	NM N	C	ovs	https://github.com/openvswitch/ovs
Void	a Void	PARAMETER	DT N	Java	immutables	https://github.com/immutables/immutables
bool	above Base	PARAMETER	P N	C++	proxygen	https://github.com/facebook/proxygen
class	Abstract SV 2 Copier	CLASS	NM N D N	Java	drill	https://github.com/apache/drill
void	add before forward	FUNCTION	V P N	C++	caffe	https://github.com/BVLC/caffe
customvariablesmember*	add custom variable to service	FUNCTION	V NM N P N	C	naemon-core	https://github.com/naemon/naemon-core
void	add Menu For List Nodes	FUNCTION	V N P NM NPL	Java	Spark	https://github.com/apache/spark
bool	add no exist	PARAMETER	V DT V	C++	s3fs-fuse	https://github.com/s3fs-fuse/s3fs-fuse
int	add parent to host	FUNCTION	V N P N	C	naemon-core	https://github.com/naemon/naemon-core
int	add temp to args	DECLARATION	V N P NPL	C	weechat	https://github.com/weechat/weechat
void	adjust to camera	FUNCTION	V P N	C++	panda3d	https://github.com/panda3d/panda3d
uLong	adler 1	DECLARATION	N D	C	mgba	https://github.com/mgba-emu/mgba
long	after	DECLARATION	P	Java	drill	https://github.com/apache/drill
auto	after 1	DECLARATION	P D	C++	meta	https://github.com/meta-toolkit/meta
auto	after 2	DECLARATION	P D	C++	meta	https://github.com/meta-toolkit/meta
boolean	after Equals	DECLARATION	P N	Java	Openfire	https://github.com/igniterealtime/Openfire
void	after Filters Closed	FUNCTION	P NPL V	Java	Smack	https://github.com/igniterealtime/Smack
boolean	after First Batch	ATTRIBUTE	P DT N	Java	drill	https://github.com/apache/drill
request	after handle	DECLARATION	P N	C	crow	https://github.com/CrowCpp/Crow
void	after Last	FUNCTION	P DT	Java	drill	https://github.com/apache/drill
boolean	after Last Row	ATTRIBUTE	P DT N	Java	drill	https://github.com/apache/drill
ClassToInstanceMap	after Round	ATTRIBUTE	P N	Java	immutables	https://github.com/immutables/immutables
ebb_after_write_cb	after write cb	ATTRIBUTE	P V N	C	ccv	https://github.com/liuliu/ccv
AfterXStanzas	after X Stanzas	ATTRIBUTE	P D NPL	Java	Smack	https://github.com/igniterealtime/Smack
Set	all Annotated Elements	FUNCTION	DT NM NPL	Java	immutables	https://github.com/immutables/immutables
EnumSet	all Casts	DECLARATION	DT NPL	Java	drill	https://github.com/apache/drill
boolean	all Cols Indexed	PARAMETER	DT NPL V	Java	drill	https://github.com/apache/drill
Map	all Drill bits	DECLARATION	DT NM NPL	Java	drill	https://github.com/apache/drill
vector	all Errors	DECLARATION	DT NPL	C++	toggldesktop	https://github.com/toggl-open-source/toggldesktop
List	all Exprs	DECLARATION	DT NPL	Java	drill	https://github.com/apache/drill
Set	all Fields	ATTRIBUTE	DT NPL	Java	drill	https://github.com/apache/drill
boolean	all Final	PARAMETER	DT N	Java	immutables	https://github.com/immutables/immutables
List	all Labels	ATTRIBUTE	DT NPL	Java	deeplearning4j	https://github.com/eclipse/deeplearning4j
List	all Methods	PARAMETER	DT NPL	Java	cglib	https://github.com/cglib/cglib
Set	all Metrics	DECLARATION	DT NPL	Java	drill	https://github.com/apache/drill
ImmutableList	all Mirrors	FUNCTION	DT NPL	Java	immutables	https://github.com/immutables/immutables
String	all Names	PARAMETER	DT NPL	Java	cglib	https://github.com/cglib/cglib
Set	all New Schema Paths	FUNCTION	DT NM NM NPL	Java	drill	https://github.com/apache/drill
List	all Open Workspaces	FUNCTION	DT NM NPL	Java	deeplearning4j	https://github.com/eclipse/deeplearning4j
Iterable	all Options	DECLARATION	DT NPL	Java	drill	https://github.com/apache/drill
List	all Pools	PARAMETER	DT NPL	Java	drill	https://github.com/apache/drill
boolean	all Procedures Are Callable	FUNCTION	DT NPL V NM	Java	drill	https://github.com/apache/drill
String	all Projects	ATTRIBUTE	DT NPL	Java	deeplearning4j	https://github.com/eclipse/deeplearning4j
List	all Room Names	DECLARATION	DT NM NPL	Java	Openfire	https://github.com/igniterealtime/Openfire
Map	all Service Response	PARAMETER	DT NM N	Java	drill	https://github.com/apache/drill
gboolean	all set	DECLARATION	DT N	C	wireshark	https://github.com/wireshark/wireshark
bool	all space after	DECLARATION	DT N P	C	crow	https://github.com/CrowCpp/Crow
bool	all space before	DECLARATION	DT N P	C	crow	https://github.com/CrowCpp/Crow
KeyStore	all Store	ATTRIBUTE	DT N	Java	Spark	https://github.com/apache/spark
void	all Streams Finished	FUNCTION	DT NPL V	Java	drill	https://github.com/apache/drill
int*	all synced	FUNCTION	DT V	C	ovs	https://github.com/openvswitch/ovs
bool	all Users	PARAMETER	DT NPL	C++	facebook-repo-ds2	https://github.com/facebookresearch/ds2
ELoginRegister	allow login or register	ATTRIBUTE	V V CJ V	C	freeminer	https://github.com/freeminer/freeminer
int	among	PARAMETER	P	C++	rigraph	https://github.com/igraph/rigraph
i64	an Size	PARAMETER	NM N	C	ccv	https://github.com/liuliu/ccv
checkout_conflictdata	ancestor out	PARAMETER	NM N	C	git2r	https://github.com/ropensci/git2r
Object	and	DECLARATION	CJ	Java	immutables	https://github.com/immutables/immutables
DruidFilter	and Filter At Index	FUNCTION	NM N P N	Java	drill	https://github.com/apache/drill
AndNode	and Node	PARAMETER	NM N	Java	drill	https://github.com/apache/drill
byte	another ID	PARAMETER	DT N	Java	Openfire	https://github.com/igniterealtime/Openfire
bool	any diffuse	ATTRIBUTE	DT N	C	panda3d	https://github.com/panda3d/panda3d
primitive	any hidden	PARAMETER	DT NM	C++	panda3d	https://github.com/panda3d/panda3d
String	APPLICATION INFO 2	ATTRIBUTE	NM N D	Java	Spark	https://github.com/apache/spark
class	are Unities in Shape	CLASS	V NPL P N	Java	deeplearning4j	https://github.com/eclipse/deeplearning4j
Control	arg 1	PARAMETER	N D	Java	Openfire	https://github.com/igniterealtime/Openfire
DoublePointer	arg 18	PARAMETER	N D	Java	deeplearning4j	https://github.com/eclipse/deeplearning4j
long	arg 26	PARAMETER	N D	Java	deeplearning4j	https://github.com/eclipse/deeplearning4j
long	arg 29	PARAMETER	N D	Java	deeplearning4j	https://github.com/eclipse/deeplearning4j
long	arg 31	PARAMETER	N D	Java	deeplearning4j	https://github.com/eclipse/deeplearning4j
boolean	as Array	ATTRIBUTE	P N	Java	drill	https://github.com/apache/drill
DCArrayParameter*	as array parameter	FUNCTION	P NM N	C++	panda3d	https://github.com/panda3d/panda3d
int	as binary	ATTRIBUTE	P N	C	rigraph	https://github.com/igraph/rigraph
BoundingBox*	as bounding box	FUNCTION	P NM N	C++	panda3d	https://github.com/panda3d/panda3d
char*	as C String	FUNCTION	P NM N	C++	freeminer	https://github.com/freeminer/freeminer
Object	as Diamond	DECLARATION	P N	Java	immutables	https://github.com/immutables/immutables
double[]	as Double	FUNCTION	P N	Java	deeplearning4j	https://github.com/eclipse/deeplearning4j
DCField*	as field	FUNCTION	P N	C++	panda3d	https://github.com/panda3d/panda3d
git_diff_file	as file	PARAMETER	P N	C	git2r	https://github.com/ropensci/git2r
Function	as Function	ATTRIBUTE	P N	Java	guava	https://github.com/google/guava
CPPFunctionType*	as function type	FUNCTION	P NM N	C++	panda3d	https://github.com/panda3d/panda3d
ASIdentifiers	as id	PARAMETER	NM N	C	toggldesktop	https://github.com/toggl-open-source/toggldesktop
Int64	as Int64	FUNCTION	P N	C++	toggldesktop	https://github.com/toggl-open-source/toggldesktop
long	as Long	DECLARATION	P N	Java	guava	https://github.com/google/guava
MapWriter	as Map	FUNCTION	P N	Java	drill	https://github.com/apache/drill
DCMolecularField*	as molecular field	FUNCTION	P NM N	C++	panda3d	https://github.com/panda3d/panda3d
double	as of	PARAMETER	P P	C	panda3d	https://github.com/panda3d/panda3d
void*	as pointer	FUNCTION	P N	C++	panda3d	https://github.com/panda3d/panda3d
ByteBuf	as Read Only	FUNCTION	P V VM	Java	drill	https://github.com/apache/drill
DCSimpleParameter*	as simple parameter	FUNCTION	P NM N	C++	panda3d	https://github.com/panda3d/panda3d
List	as Sorted Entry List	FUNCTION	P NM NM N	Java	Singularity	https://github.com/sylabs/singularity
String	as String	DECLARATION	P N	Java	immutables	https://github.com/immutables/immutables
List	as Stripes	DECLARATION	P NPL	Java	guava	https://github.com/google/guava
Expression	as Transform Generator Transform	FUNCTION	P NM NM N	Java	immutables	https://github.com/immutables/immutables
V	as V	DECLARATION	P N	Java	guava	https://github.com/google/guava
Var	as Var	FUNCTION	P N	C++	toggldesktop	https://github.com/toggl-open-source/toggldesktop
int	as warning	PARAMETER	P N	C	libxo	https://github.com/Juniper/libxo
int	as within	ATTRIBUTE	P P	C	rigraph	https://github.com/igraph/rigraph
Writer	as Writer	FUNCTION	P N	Java	guava	https://github.com/google/guava
R	at Most	FUNCTION	P DT	Java	immutables	https://github.com/immutables/immutables
int	atalk len	FUNCTION	NM N	C	wireshark	https://github.com/wireshark/wireshark
int	b 1 Index	PARAMETER	N D N	Java	drill	https://github.com/apache/drill
int	B 1110	ATTRIBUTE	N D	Java	deeplearning4j	https://github.com/eclipse/deeplearning4j
byte	b 3	PARAMETER	N D	Java	guava	https://github.com/google/guava
Indexer	b float 16 Indexer	DECLARATION	PRE N D N	Java	deeplearning4j	https://github.com/eclipse/deeplearning4j
double	b float 16 To Double	FUNCTION	PRE N D P N	Java	deeplearning4j	https://github.com/eclipse/deeplearning4j
bool	b Force 16 bpp	PARAMETER	PRE V D N	C++	panda3d	https://github.com/panda3d/panda3d
svec	b only	PARAMETER	N VM	C	ovs	https://github.com/openvswitch/ovs
int	b Stat 1	ATTRIBUTE	PRE N D	C	ccv	https://github.com/liuliu/ccv
uint64_t	bad only	DECLARATION	NM VM	C	toxcore	https://github.com/TokTok/c-toxcore
class	Base Level 1	CLASS	NM N D	Java	deeplearning4j	https://github.com/eclipse/deeplearning4j
class	Base Level 3	CLASS	NM N D	Java	deeplearning4j	https://github.com/eclipse/deeplearning4j
uint8_t	be32 ofs	PARAMETER	NM N	C	ovs	https://github.com/openvswitch/ovs
long	before	DECLARATION	P	Java	drill	https://github.com/apache/drill
void	before Execute	FUNCTION	P V	Java	cglib	https://github.com/cglib/cglib
boolean	before First	ATTRIBUTE	P DT	Java	drill	https://github.com/apache/drill
int	before major	ATTRIBUTE	P N	C++	panda3d	https://github.com/panda3d/panda3d
int	before minor	ATTRIBUTE	P N	C++	panda3d	https://github.com/panda3d/panda3d
off_t	behind rem start	DECLARATION	P NM N	C++	s3fs-fuse	https://github.com/s3fs-fuse/s3fs-fuse
off_t	behind size	PARAMETER	P N	C++	s3fs-fuse	https://github.com/s3fs-fuse/s3fs-fuse
off_t	behind start	PARAMETER	P N	C++	s3fs-fuse	https://github.com/s3fs-fuse/s3fs-fuse
LVecBase4	bi 0	DECLARATION	N D	C++	panda3d	https://github.com/panda3d/panda3d
class	Bind 2 Module	CLASS	V D N	Java	Smack	https://github.com/igniterealtime/Smack
int	bit Field 0	ATTRIBUTE	NM N D	Java	drill	https://github.com/apache/drill
ssize_t	bit off	DECLARATION	NM N	C++	facebook-repo-ds2	https://github.com/facebookresearch/ds2
int	bits per pixel	ATTRIBUTE	NPL P N	C	panda3d	https://github.com/panda3d/panda3d
map	blob name to last top idx	DECLARATION	NM N P DT NM N	C++	caffe	https://github.com/BVLC/caffe
u32	block count all	DECLARATION	NM N DT	C++	freeminer	https://github.com/freeminer/freeminer
void	body 0	PARAMETER	N D	C	panda3d	https://github.com/panda3d/panda3d
boolean	both Empty Selection	DECLARATION	DT NM N	Java	drill	https://github.com/apache/drill
boolean	both NonEmpty Selection	DECLARATION	DT NM N	Java	drill	https://github.com/apache/drill
string	both Or All	FUNCTION	DT CJ DT	C++	freeminer	https://github.com/freeminer/freeminer
UInt32	Bt3Zip Match Finder Get Matches	FUNCTION	NM NM N V NPL	C	mgba	https://github.com/mgba-emu/mgba
char	buf 3	DECLARATION	N D	C	naemon-core	https://github.com/naemon/naemon-core
char	buf out	DECLARATION	NM N	C	naemon-core	https://github.com/naemon/naemon-core
X	buff Ptr 2	ATTRIBUTE	NM N D	C++	deeplearning4j	https://github.com/eclipse/deeplearning4j
char	buffer as string	ATTRIBUTE	N P N	C	weechat	https://github.com/weechat/weechat
char	buffer out	PARAMETER	NM N	C	git2r	https://github.com/ropensci/git2r
void	build Schema For 2Dimensional Dataset	FUNCTION	V N P NM N	Java	drill	https://github.com/apache/drill
String	by	ATTRIBUTE	P	Java	Smack	https://github.com/igniterealtime/Smack
byte	byte I Plus 1	DECLARATION	NM N P D	Java	drill	https://github.com/apache/drill
long	bytes in	PARAMETER	NPL NM	Java	drill	https://github.com/apache/drill
long	bytes out	PARAMETER	NPL NM	Java	drill	https://github.com/apache/drill
int64	bytes to read	DECLARATION	NPL P V	C++	deeplearning4j	https://github.com/eclipse/deeplearning4j
class	C Matrix 33	CLASS	PRE N D	C++	freeminer	https://github.com/freeminer/freeminer
SColor	c outside	DECLARATION	PRE P	C++	freeminer	https://github.com/freeminer/freeminer
int	c receive only	ATTRIBUTE	PRE V VM	C	ovs	https://github.com/openvswitch/ovs
class	C Vector 3	CLASS	PRE N D	C++	freeminer	https://github.com/freeminer/freeminer
Dtype	caffe next after	FUNCTION	PRE DT P	C++	caffe	https://github.com/BVLC/caffe
gboolean	cb service in host group each host	FUNCTION	NM N P NM N DT N	C	naemon-core	https://github.com/naemon/naemon-core
void*	ccv atan 2	FUNCTION	PRE N D	C	ccv	https://github.com/liuliu/ccv
void*	ccv cnnp batch norm add to output	FUNCTION	PRE PRE PRE PRE V P N	C	ccv	https://github.com/liuliu/ccv
ccv_numeric_data_t*	ccv get sparse matrix cell from vector	FUNCTION	PRE V NM NM N P N	C	ccv	https://github.com/liuliu/ccv
void	ccv nnc insert if prior to any	FUNCTION	PRE PRE V CJ NM P DT	C	ccv	https://github.com/liuliu/ccv
ccv_nnc_tensor_t*	ccv nnc tensor for while count	FUNCTION	PRE PRE N P NM N	C	ccv	https://github.com/liuliu/ccv
ovs_list	change set for tables	ATTRIBUTE	NM N P NPL	C	ovs	https://github.com/openvswitch/ovs
guint	chars per unit	ATTRIBUTE	NPL P N	C	wireshark	https://github.com/wireshark/wireshark
String	CHAT COBROWSE IMAGE 24 x 24	ATTRIBUTE	NM NM N D P D	Java	Spark	https://github.com/apache/spark
int	check against known hosts	FUNCTION	V P NM NPL	C	git2r	https://github.com/ropensci/git2r
internal_function*	check arrival add next nodes	FUNCTION	V N V DT NPL	C	git2r	https://github.com/ropensci/git2r
bool	check content only	PARAMETER	V N VM	C++	s3fs-fuse	https://github.com/s3fs-fuse/s3fs-fuse
bool	check last arg	FUNCTION	V DT N	C++	panda3d	https://github.com/panda3d/panda3d
int*	checkout action wd only	FUNCTION	V NM N VM	C	git2r	https://github.com/ropensci/git2r
void	clear all markers	FUNCTION	V DT NPL	C++	rigraph	https://github.com/igraph/rigraph
Builder	clear Part 1	FUNCTION	V N D	Java	drill	https://github.com/apache/drill
bool	close fd when done	PARAMETER	V N VM V	C	git2r	https://github.com/ropensci/git2r
char	cmd 1	PARAMETER	N D	C	weechat	https://github.com/weechat/weechat
int	col 1	PARAMETER	N D	C++	deeplearning4j	https://github.com/eclipse/deeplearning4j
LongType	col Stride 1	DECLARATION	NM N D	C++	deeplearning4j	https://github.com/eclipse/deeplearning4j
ColumnTypeMetadata_v4	column Type Metadata v 4	DECLARATION	NM NM N NM D	Java	drill	https://github.com/apache/drill
char	command 2	DECLARATION	N D	C	weechat	https://github.com/weechat/weechat
int	commit on success	PARAMETER	V P N	C	git2r	https://github.com/ropensci/git2r
int	conditional match on branch	FUNCTION	NM N P N	C	git2r	https://github.com/ropensci/git2r
List	conjuncts 1	DECLARATION	NPL D	Java	drill	https://github.com/apache/drill
conn	conn in	PARAMETER	NM N	C	ovs	https://github.com/openvswitch/ovs
DrillConnectionImpl	connection 1	DECLARATION	N D	Java	drill	https://github.com/apache/drill
ccv_cnnp_model_t	conv 0	DECLARATION	N D	C	ccv	https://github.com/liuliu/ccv
INDArray	conv 2D	FUNCTION	N NM	Java	deeplearning4j	https://github.com/eclipse/deeplearning4j
int	conv out channels	ATTRIBUTE	NM NM NPL	C++	caffe	https://github.com/BVLC/caffe
int	conv out spatial dim	ATTRIBUTE	NM NM NM N	C++	caffe	https://github.com/BVLC/caffe
void	conv rgba4444	FUNCTION	V N	C++	panda3d	https://github.com/panda3d/panda3d
int	convert to 8 bit	PARAMETER	V P D N	C	mgba	https://github.com/mgba-emu/mgba
int	CONVERT TO UINT4 LENGTH	ATTRIBUTE	V P NM N	Java	drill	https://github.com/apache/drill
bool*	copy primitives from	FUNCTION	V NPL P	C++	panda3d	https://github.com/panda3d/panda3d
bool	copy this file	FUNCTION	V DT N	C++	panda3d	https://github.com/panda3d/panda3d
DrillCostBase	cost 1	DECLARATION	N D	Java	drill	https://github.com/apache/drill
int	count 1	PARAMETER	N D	C	git2r	https://github.com/ropensci/git2r
uint32_t	count 32	DECLARATION	N D	C	weechat	https://github.com/weechat/weechat
class	Cout Stream	CLASS	NM N	C++	freeminer	https://github.com/freeminer/freeminer
float	cp 0	DECLARATION	N D	C	ccv	https://github.com/liuliu/ccv
ContentParamType2	cpt 2	DECLARATION	N D	C++	freeminer	https://github.com/freeminer/freeminer
class	Cropping 1D	CLASS	N NM	Java	deeplearning4j	https://github.com/eclipse/deeplearning4j
ConvertSupport	cs 2	PARAMETER	N D	C++	drill	https://github.com/apache/drill
LdapContext	ctx 2	DECLARATION	N D	Java	Openfire	https://github.com/igniterealtime/Openfire
class	CuDNN Deconvolution Layer	CLASS	PRE NM N	C++	caffe	https://github.com/BVLC/caffe
WhichMemory	data or diff	PARAMETER	N CJ N	C++	caffe	https://github.com/BVLC/caffe
SelectionVector4	data Sv 4	PARAMETER	NM N D	Java	drill	https://github.com/apache/drill
Decimal38DenseWriter	decimal 38 Dense	FUNCTION	N D NM	Java	drill	https://github.com/apache/drill
int	DECIMAL 38 DENSE VALUE	ATTRIBUTE	NM D NM N	Java	drill	https://github.com/apache/drill
Class	declared Type 1	PARAMETER	NM N D	Java	guava	https://github.com/google/guava
DrillBuf	decompress Page V 1	FUNCTION	V N NM D	Java	drill	https://github.com/apache/drill
class	Deconvolution 2D	CLASS	N NM	Java	deeplearning4j	https://github.com/eclipse/deeplearning4j
class	Deconvolution 3D	CLASS	N NM	Java	deeplearning4j	https://github.com/eclipse/deeplearning4j
class	Deconvolution 3D Param Initializer	CLASS	NM NM NM N	Java	deeplearning4j	https://github.com/eclipse/deeplearning4j
class	Deconvolution Layer	CLASS	NM N	C++	caffe	https://github.com/BVLC/caffe
class	Deconvolution Param Initializer	CLASS	NM NM N	Java	deeplearning4j	https://github.com/eclipse/deeplearning4j
String	default S3 Bucket	ATTRIBUTE	NM NM N	Java	Singularity	https://github.com/sylabs/singularity
class	Depthwise Convolution 2D	CLASS	NM N NM	Java	deeplearning4j	https://github.com/eclipse/deeplearning4j
int	description 2	ATTRIBUTE	N D	C	weechat	https://github.com/weechat/weechat
int	DESTINATION OPTIONS V6	ATTRIBUTE	NM NPL NM	Java	drill	https://github.com/apache/drill
bool	Destroy Usr 1 Handler	FUNCTION	V N D N	C++	s3fs-fuse	https://github.com/s3fs-fuse/s3fs-fuse
int*	dissect acdr ip or other	FUNCTION	V NM N CJ N	C	wireshark	https://github.com/wireshark/wireshark
PN_stdfloat	dist 2	ATTRIBUTE	N D	C++	panda3d	https://github.com/panda3d/panda3d
igraph_integer_t	distance 12	PARAMETER	N D	C	rigraph	https://github.com/igraph/rigraph
class	DL4J Invalid Input Exception	CLASS	PRE NM NM N	Java	deeplearning4j	https://github.com/eclipse/deeplearning4j
bool	do adjust this size	FUNCTION	V V DT N	C++	panda3d	https://github.com/panda3d/panda3d
void	do all sorted fn	FUNCTION	V DT V N	C	toggldesktop	https://github.com/toggl-open-source/toggldesktop
uint32_t	dot3 ad Agg Port Attached Agg ID	ATTRIBUTE	PRE PRE PRE PRE NM NM N	C	ovs	https://github.com/openvswitch/ovs
Icon	down Icon	ATTRIBUTE	NM N	Java	Spark	https://github.com/apache/spark
int	dp if index	ATTRIBUTE	PRE NM N	C	ovs	https://github.com/openvswitch/ovs
int*	dps for each	FUNCTION	N P DT	C	ovs	https://github.com/openvswitch/ovs
PandaNode*	dupe for flatten	FUNCTION	V P V	C++	panda3d	https://github.com/panda3d/panda3d
GUID	DX7 Device GUID	ATTRIBUTE	NM NM N	C	panda3d	https://github.com/panda3d/panda3d
E	e 3	PARAMETER	N D	Java	guava	https://github.com/google/guava
E	e 8	PARAMETER	N D	Java	guava	https://github.com/google/guava
void	each seen event	FUNCTION	DT NM N	C++	meta	https://github.com/meta-toolkit/meta
igraph_vector_int_t	edge color 2	PARAMETER	NM N D	C	rigraph	https://github.com/igraph/rigraph
igraph_vector_t	edge map 2	PARAMETER	NM N D	C	rigraph	https://github.com/igraph/rigraph
igraph_inclist_t	edges per node	PARAMETER	NPL P N	C	rigraph	https://github.com/igraph/rigraph
ASTNodeInfo	else Info	DECLARATION	NM N	C++	cling	https://github.com/root-project/cling
Stmt	else Replacement	DECLARATION	NM N	C++	cling	https://github.com/root-project/cling
MinorType	else Type	DECLARATION	NM N	Java	drill	https://github.com/apache/drill
boolean	enable Push down	ATTRIBUTE	V V P	Java	drill	https://github.com/apache/drill
int	ENCAPSULATING SECURITY V6	ATTRIBUTE	NM N NM	Java	drill	https://github.com/apache/drill
unsigned	encode only	PARAMETER	V VM	C	libxo	https://github.com/Juniper/libxo
int	end for	DECLARATION	V N	C	freeminer	https://github.com/freeminer/freeminer
DrillbitEndpoint	endpoint 1	PARAMETER	N D	Java	drill	https://github.com/apache/drill
DrillbitEndpoint	endpoint 2	PARAMETER	N D	Java	drill	https://github.com/apache/drill
boolean	enough Memory	FUNCTION	DT N	Java	drill	https://github.com/apache/drill
Object	entry 1	PARAMETER	N D	Java	guava	https://github.com/google/guava
Client_data	entry 2	DECLARATION	N D	C	toxcore	https://github.com/TokTok/c-toxcore
git_tree_entry	entry out	PARAMETER	NM N	C	git2r	https://github.com/ropensci/git2r
char*	Err no	FUNCTION	NM N	C++	facebook-repo-ds2	https://github.com/facebookresearch/ds2
void*	error 2	FUNCTION	N D	C	rigraph	https://github.com/igraph/rigraph
boolean	error On 400	ATTRIBUTE	N P D	Java	drill	https://github.com/apache/drill
auto	even	DECLARATION	NM	C++	meta	https://github.com/meta-toolkit/meta
int	even dist	PARAMETER	NM N	C	ccv	https://github.com/liuliu/ccv
bool	even split	PARAMETER	NM N	C++	meta	https://github.com/meta-toolkit/meta
JsonParseException	ex 1	PARAMETER	N D	Java	drill	https://github.com/apache/drill
Except	except	PARAMETER	N	Java	drill	https://github.com/apache/drill
__int64	exit 64	DECLARATION	N D	C++	panda3d	https://github.com/panda3d/panda3d
CODE*	expression 7	FUNCTION	N D	C	rigraph	https://github.com/igraph/rigraph
CODE*	expression 8	FUNCTION	N D	C	rigraph	https://github.com/igraph/rigraph
bool	extend by hexahedron	FUNCTION	V P N	C++	panda3d	https://github.com/panda3d/panda3d
PackOutFunc	f out	ATTRIBUTE	N NM	C++	freeminer	https://github.com/freeminer/freeminer
double	f1 score	FUNCTION	NM N	C++	meta	https://github.com/meta-toolkit/meta
int	fan in	DECLARATION	N P	C++	caffe	https://github.com/BVLC/caffe
uint64_t	features per class	DECLARATION	NPL P N	C	meta	https://github.com/meta-toolkit/meta
_NXMapTable	field 37	ATTRIBUTE	N D	C	toggldesktop	https://github.com/toggl-open-source/toggldesktop
int	field 4	ATTRIBUTE	N D	C	toggldesktop	https://github.com/toggl-open-source/toggldesktop
int	field 63	ATTRIBUTE	N D	C	toggldesktop	https://github.com/toggl-open-source/toggldesktop
class	File 2 Page App	CLASS	N P NM N	C++	toggldesktop	https://github.com/toggl-open-source/toggldesktop
int	file no	PARAMETER	NM N	C++	facebook-repo-ds2	https://github.com/facebookresearch/ds2
NodePathCollection	find all matches	FUNCTION	V DT NPL	C++	panda3d	https://github.com/panda3d/panda3d
TextureCollection*	find all textures	FUNCTION	V DT NPL	C++	panda3d	https://github.com/panda3d/panda3d
unsigned	flag within	ATTRIBUTE	N P	C	git2r	https://github.com/ropensci/git2r
int	FLOAT4 VALUE	ATTRIBUTE	NM N	Java	drill	https://github.com/apache/drill
Reporter	for Annotation	FUNCTION	NM N	Java	immutables	https://github.com/immutables/immutables
boolean	for Attribute	ATTRIBUTE	NM N	Java	immutables	https://github.com/immutables/immutables
linear_model	for avg	DECLARATION	P N	C++	meta	https://github.com/meta-toolkit/meta
boolean	for Backprop	PARAMETER	P N	Java	deeplearning4j	https://github.com/eclipse/deeplearning4j
TypeDescriptor	for Class	FUNCTION	P N	Java	drill	https://github.com/apache/drill
DrillConfig	for Client	FUNCTION	P N	Java	drill	https://github.com/apache/drill
Visibility	for Implementation	FUNCTION	P N	Java	immutables	https://github.com/immutables/immutables
void*	for num	FUNCTION	NM N	C	freeminer	https://github.com/freeminer/freeminer
MinorType	for Number	FUNCTION	P N	Java	drill	https://github.com/apache/drill
Set	for Resource	FUNCTION	P N	Java	drill	https://github.com/apache/drill
ProxyInfo	for Socks4 Proxy	FUNCTION	P NM N	Java	Smack	https://github.com/igniterealtime/Smack
boolean	for Unknown Schema	PARAMETER	P NM N	Java	drill	https://github.com/apache/drill
bool	force nd im 2 col	ATTRIBUTE	V NM N P N	C++	caffe	https://github.com/BVLC/caffe
vector	forward time per layer	DECLARATION	NM N P N	C++	caffe	https://github.com/BVLC/caffe
double	fp irand 224	FUNCTION	NM N D	C	rigraph	https://github.com/igraph/rigraph
bool	fp on	ATTRIBUTE	N P	C++	rigraph	https://github.com/igraph/rigraph
void	fprint all protocols for layer types	FUNCTION	V DT NPL P NM NPL	C	wireshark	https://github.com/wireshark/wireshark
state_id	from	PARAMETER	P	C	s3fs-fuse	https://github.com/s3fs-fuse/s3fs-fuse
char	from	PARAMETER	P	C++	meta	https://github.com/meta-toolkit/meta
T	from Bytes	FUNCTION	P NPL	Java	Singularity	https://github.com/sylabs/singularity
ThreadContext	from context	PARAMETER	P N	C	panda3d	https://github.com/panda3d/panda3d
boolean	from Docker Config	ATTRIBUTE	P NM N	Java	Singularity	https://github.com/sylabs/singularity
String	from Email	PARAMETER	P N	Java	Openfire	https://github.com/igniterealtime/Openfire
FromHeader	from Header	ATTRIBUTE	P N	Java	Spark	https://github.com/apache/spark
uint8_t	from id	PARAMETER	P N	C	toxcore	https://github.com/TokTok/c-toxcore
boolean	from Inclusive	PARAMETER	P N	Java	guava	https://github.com/google/guava
class	from Iterator	CLASS	P N	Java	guava	https://github.com/google/guava
JID	from JID	PARAMETER	P N	Java	Openfire	https://github.com/igniterealtime/Openfire
K	from Key	PARAMETER	P N	Java	guava	https://github.com/google/guava
StanzaFilter	from Room Filter	ATTRIBUTE	P NM N	Java	Smack	https://github.com/igniterealtime/Smack
boolean	from Server	PARAMETER		Java	Openfire	https://github.com/igniterealtime/Openfire
SelectionVector4	from SV 4	PARAMETER	P N D	Java	drill	https://github.com/apache/drill
int	from Y	PARAMETER	P N	Java	Spark	https://github.com/apache/spark
int*	fts5 MultiIter Do Compare	FUNCTION	PRE PRE V V	C	toggldesktop	https://github.com/toggl-open-source/toggldesktop
void*	fts5 Seg Iter Clear	FUNCTION	PRE NM N V	C	ccv	https://github.com/liuliu/ccv
fts5yyParser	fts5 yyp Parser	PARAMETER	PRE NM N	C	ccv	https://github.com/liuliu/ccv
char*	function and data	DECLARATION	N CJ N	C	weechat	https://github.com/weechat/weechat
bool	g curand availability logged	DECLARATION	PRE NM N V	C++	caffe	https://github.com/BVLC/caffe
objectlist	g next	DECLARATION	PRE DT	C	naemon-core	https://github.com/naemon/naemon-core
int*	generate key or iv	FUNCTION	V N CJ N	C	wireshark	https://github.com/wireshark/wireshark
void	Generate Prolog 1	FUNCTION	V N D	C++	facebook-repo-ds2	https://github.com/facebookresearch/ds2
string	get a1	FUNCTION	V N	C++	panda3d	https://github.com/panda3d/panda3d
String	get B64 Data	FUNCTION	V NM N	Java	Smack	https://github.com/igniterealtime/Smack
LVecBase2d	get data 2d	FUNCTION	V N NM	C++	panda3d	https://github.com/panda3d/panda3d
LVecBase4d	get data 4d	FUNCTION	V N NM	C++	panda3d	https://github.com/panda3d/panda3d
LVecBase4i	get data 4i	FUNCTION	V N NM	C++	panda3d	https://github.com/panda3d/panda3d
int	get Decimal 9 From Big Decimal	FUNCTION	V N D P NM N	Java	drill	https://github.com/apache/drill
time_t	get last modified	FUNCTION	V DT N	C++	s3fs-fuse	https://github.com/s3fs-fuse/s3fs-fuse
JLabel	get Look and feel Label	FUNCTION	V NM CJ NM N	Java	Spark	https://github.com/apache/spark
long	get next comment id	FUNCTION	V DT NM N	C	naemon-core	https://github.com/naemon/naemon-core
xmlChar*	get next marker	FUNCTION	V DT N	C++	s3fs-fuse	https://github.com/s3fs-fuse/s3fs-fuse
long	get Part 2	FUNCTION	V N D	Java	drill	https://github.com/apache/drill
LPoint3	get position world on a	FUNCTION	V NM N P N	C++	panda3d	https://github.com/panda3d/panda3d
bool	get U 16 No Ex	FUNCTION	V N D DT N	C++	freeminer	https://github.com/freeminer/freeminer
int*	git delta read header from stream	FUNCTION	PRE PRE V N P N	C	git2r	https://github.com/ropensci/git2r
int	git diff commit as email	FUNCTION	PRE PRE N P N	C	git2r	https://github.com/ropensci/git2r
int	git fs path to dir	FUNCTION	PRE NM N P N	C	git2r	https://github.com/ropensci/git2r
size_t	git off map size	FUNCTION	PRE NM NM N	C	git2r	https://github.com/ropensci/git2r
int*	git repository head detached for work tree	FUNCTION	PRE PRE N V P NM N	C	git2r	https://github.com/ropensci/git2r
void	gl M 3 Inv	FUNCTION	PRE N D N	C++	panda3d	https://github.com/panda3d/panda3d
void	group with	FUNCTION	V P	C++	panda3d	https://github.com/panda3d/panda3d
GsonBuilder	gson Builder	DECLARATION	NM N	Java	immutables	https://github.com/immutables/immutables
void*	gui buffer local var remove all	FUNCTION	PRE PRE NM N V DT	C	weechat	https://github.com/weechat/weechat
void	gui buffer set time for each line	FUNCTION	PRE PRE V N P DT N	C	weechat	https://github.com/weechat/weechat
void*	gui input search next	FUNCTION	PRE PRE V DT	C	weechat	https://github.com/weechat/weechat
int*	gui line has tag no filter	FUNCTION	PRE PRE V N DT N	C	weechat	https://github.com/weechat/weechat
void*	gui line mixed free all	FUNCTION	PRE PRE NM V DT	C	weechat	https://github.com/weechat/weechat
char*	gui mouse event code 2 key	FUNCTION	PRE PRE NM N P N	C	weechat	https://github.com/weechat/weechat
void	gui nick hash sum 64	FUNCTION	PRE PRE NM N D	C	weechat	https://github.com/weechat/weechat
in6_addr	gw 6	PARAMETER	N D	C	ovs	https://github.com/openvswitch/ovs
auto	h 2 server	DECLARATION	N D N	C++	proxygen	https://github.com/facebook/proxygen
int	h if index	ATTRIBUTE	PRE NM N	C	ovs	https://github.com/openvswitch/ovs
int*	handle send 2	FUNCTION	V N D	C	toxcore	https://github.com/TokTok/c-toxcore
bool	has after destruct	ATTRIBUTE	V NM N	C	freeminer	https://github.com/freeminer/freeminer
bool	has each	DECLARATION	V DT	C++	panda3d	https://github.com/panda3d/panda3d
bool	has on activate	ATTRIBUTE	V P V	C	freeminer	https://github.com/freeminer/freeminer
bool	has run at least once	ATTRIBUTE	V V VM VM VM	C++	caffe	https://github.com/BVLC/caffe
bool	has Upgrade Token in Connection	DECLARATION	V NM N P N	C++	proxygen	https://github.com/facebook/proxygen
class	Hash 32 Functions	CLASS	N D NPL	Java	drill	https://github.com/apache/drill
class	Hash 64 Functions With Seed	CLASS	N D NPL P N	Java	drill	https://github.com/apache/drill
int	hash and save	FUNCTION	V CJ V	C	git2r	https://github.com/ropensci/git2r
float	hbp 1	DECLARATION	N D	C	ccv	https://github.com/liuliu/ccv
gboolean	header only	PARAMETER	N VM	C	wireshark	https://github.com/wireshark/wireshark
void	hide all switches	FUNCTION	V DT NPL	C++	panda3d	https://github.com/panda3d/panda3d
ObjectMapper	hocon Mapper	ATTRIBUTE	NM N	Java	drill	https://github.com/apache/drill
void	host 1	PARAMETER	N D	C	naemon-core	https://github.com/naemon/naemon-core
int	hosts down	DECLARATION	NPL VM	C	naemon-core	https://github.com/naemon/naemon-core
gint	how	PARAMETER	VM	C	wireshark	https://github.com/wireshark/wireshark
float	hp 1	DECLARATION	N D	C	ccv	https://github.com/liuliu/ccv
int	httperf 2	FUNCTION	N D	C++	proxygen	https://github.com/facebook/proxygen
int	i 1	PARAMETER	N D	Java	Openfire	https://github.com/igniterealtime/Openfire
igraph_error_t*	i graph all st min cuts	FUNCTION	PRE PRE DT NM NM NPL	C	rigraph	https://github.com/igraph/rigraph
class	Iax2 Analysis Tree Widget Item	CLASS	PRE NM NM NM N	C++	wireshark	https://github.com/wireshark/wireshark
IDAT	idat	ATTRIBUTE	N	C	mgba	https://github.com/mgba-emu/mgba
IDAT	idat var	PARAMETER	NM N	C	mgba	https://github.com/mgba-emu/mgba
char	idb 1 if description	DECLARATION	N D NM N	C	wireshark	https://github.com/wireshark/wireshark
LogicalExpression	if Condition	DECLARATION	NM N	Java	drill	https://github.com/apache/drill
IfElseWidthExpr	if Else Width Expr	PARAMETER	NM NM NM N	Java	drill	https://github.com/apache/drill
SqlNode	if Exists	ATTRIBUTE	NM N	Java	drill	https://github.com/apache/drill
IfExpression	if Expr	PARAMETER	NM N	Java	drill	https://github.com/apache/drill
JBlock	if Found	DECLARATION	CJ V	Java	drill	https://github.com/apache/drill
int	if index	ATTRIBUTE	NM N	C	ovs	https://github.com/openvswitch/ovs
ifinfomsg	if info	DECLARATION	NM N	C	ovs	https://github.com/openvswitch/ovs
char	if name	ATTRIBUTE	NM N	C	ovs	https://github.com/openvswitch/ovs
JBlock	if No Val	DECLARATION	CJ DT N	Java	drill	https://github.com/apache/drill
void	if notifier wait	FUNCTION	NM N V	C	ovs	https://github.com/openvswitch/ovs
PMIB_IF_TABLE2	if Table	PARAMETER	NM N	C	ovs	https://github.com/openvswitch/ovs
int	if Width	DECLARATION	NM N	Java	drill	https://github.com/apache/drill
int	igraph 2 w heap init	FUNCTION	PRE D VM N V	C	rigraph	https://github.com/igraph/rigraph
void	igraph err no	PARAMETER	NM NM N	C	rigraph	https://github.com/igraph/rigraph
int	igraph i get subisomorphisms vf 2 inner	FUNCTION	PRE PRE V NPL N D NM	C	rigraph	https://github.com/igraph/rigraph
bool	im 2 col	PARAMETER	N P N	C++	caffe	https://github.com/BVLC/caffe
INDArray	im 2 col 2d	DECLARATION	N P N NM	Java	deeplearning4j	https://github.com/eclipse/deeplearning4j
Image	image 1	PARAMETER	N D	Java	Spark	https://github.com/apache/spark
String	in Action Code	PARAMETER	PRE NM N	Java	Smack	https://github.com/igniterealtime/Smack
bool	in best path	ATTRIBUTE	P NM N	C++	rigraph	https://github.com/igraph/rigraph
Channel	in channel	PARAMETER	NM N	C++	drill	https://github.com/apache/drill
boolean	in Eclipse Compiler	ATTRIBUTE	P NM N	Java	immutables	https://github.com/immutables/immutables
Map	in Edges	PARAMETER	NM NPL	Java	guava	https://github.com/google/guava
Set	in Eq More Than Once	DECLARATION	P N DT CJ VM	Java	drill	https://github.com/apache/drill
int	in expected RPC Type	PARAMETER	PRE NM NM N	C++	drill	https://github.com/apache/drill
TypedFieldId	in Field Id	DECLARATION	NM NM N	Java	drill	https://github.com/apache/drill
double	in Flow New M	DECLARATION	NM NM NM N	C++	rigraph	https://github.com/igraph/rigraph
Context	in for	FUNCTION	P N	Java	immutables	https://github.com/immutables/immutables
HANDLE	in hand	DECLARATION	NM N	C	toggldesktop	https://github.com/toggl-open-source/toggldesktop
void	in how	ATTRIBUTE	V VM	C	mgba	https://github.com/mgba-emu/mgba
Integer	in Index	PARAMETER	NM N	Java	drill	https://github.com/apache/drill
ovs_be64	in key	ATTRIBUTE	NM N	C	ovs	https://github.com/openvswitch/ovs
igraph_adjlist_t	in list	DECLARATION	NM N	C	rigraph	https://github.com/igraph/rigraph
boolean	in Literal	DECLARATION	P N	Java	Openfire	https://github.com/igniterealtime/Openfire
int	in Mem Count	PARAMETER	P NM N	Java	drill	https://github.com/apache/drill
string	in name	PARAMETER	NM N	C++	meta	https://github.com/meta-toolkit/meta
stbi_uc	in near	PARAMETER	N P	C	panda3d	https://github.com/panda3d/panda3d
bool	in neighbour heap	ATTRIBUTE	P NM N	C++	rigraph	https://github.com/igraph/rigraph
boolean	in Outer List	ATTRIBUTE	P NM N	Java	drill	https://github.com/apache/drill
Pipe	in Pipe	PARAMETER	NM N	C++	toggldesktop	https://github.com/toggl-open-source/toggldesktop
SizeT	in Size	DECLARATION	NM N	C	mgba	https://github.com/mgba-emu/mgba
RelTrait	in Trait	ATTRIBUTE	NM N	Java	drill	https://github.com/apache/drill
BOOLEAN	in Transaction	DECLARATION	P N	C	ovs	https://github.com/openvswitch/ovs
int	in Vector	DECLARATION	NM N	Java	drill	https://github.com/apache/drill
int	index as child	ATTRIBUTE	V P N	C++	deeplearning4j	https://github.com/eclipse/deeplearning4j
int	index as parent	ATTRIBUTE	V P N	C++	deeplearning4j	https://github.com/eclipse/deeplearning4j
xo_info_t	info p	PARAMETER	NM N	C	libxo	https://github.com/Juniper/libxo
void	init 2	FUNCTION	N D	C++	toggldesktop	https://github.com/toggl-open-source/toggldesktop
BIO	inkey bio	DECLARATION	NM N	C	toggldesktop	https://github.com/toggl-open-source/toggldesktop
Map	inlinables	ATTRIBUTE	NPL	Java	immutables	https://github.com/immutables/immutables
int32_t	inp 0	DECLARATION	N D	C	mgba	https://github.com/mgba-emu/mgba
int	insert at	PARAMETER	V P	C++	panda3d	https://github.com/panda3d/panda3d
void*	insert V 4 Headers	FUNCTION	V N D NPL	C++	s3fs-fuse	https://github.com/s3fs-fuse/s3fs-fuse
uint32_t	insn 0	PARAMETER	N D	C++	facebook-repo-ds2	https://github.com/facebookresearch/ds2
uint32_t	insn 1	PARAMETER	N D	C++	facebook-repo-ds2	https://github.com/facebookresearch/ds2
void	instr max	ATTRIBUTE	NM N	C++	toggldesktop	https://github.com/toggl-open-source/toggldesktop
String	interval SubString 1	DECLARATION	NM N D	Java	drill	https://github.com/apache/drill
int*	irc message split 005	FUNCTION	PRE N V D	C	weechat	https://github.com/weechat/weechat
void*	irc notify new for all servers	FUNCTION	PRE PRE NM P DT NPL	C	weechat	https://github.com/weechat/weechat
bool	is 1 x 1	ATTRIBUTE	V D P D	C++	caffe	https://github.com/BVLC/caffe
bool*	is a ge zero and a lt b	FUNCTION	V N NM D CJ N NM N	C++	caffe	https://github.com/BVLC/caffe
bool	is all	PARAMETER	V DT	C++	s3fs-fuse	https://github.com/s3fs-fuse/s3fs-fuse
boolean	is Base32	FUNCTION	V N	Java	Openfire	https://github.com/igniterealtime/Openfire
bool*	is convertible to	FUNCTION	V NM P	C++	panda3d	https://github.com/panda3d/panda3d
char	is dir 2	PARAMETER	V N D	C	git2r	https://github.com/ropensci/git2r
bool	is even	PARAMETER	V NM	C++	toggldesktop	https://github.com/toggl-open-source/toggldesktop
bool	is HTTP11	FUNCTION	V N	C++	proxygen	https://github.com/facebook/proxygen
bool	is step up	ATTRIBUTE	V N P	C++	freeminer	https://github.com/freeminer/freeminer
boolean	is Supports Limit Push down	FUNCTION	V V N V P	Java	drill	https://github.com/apache/drill
bool	is this	FUNCTION	V N	C++	panda3d	https://github.com/panda3d/panda3d
int*	is valid escalation for service notification	FUNCTION	V NM N P NM N	C	naemon-core	https://github.com/naemon/naemon-core
bool	is valid position 2	DECLARATION	V NM N D	C++	freeminer	https://github.com/freeminer/freeminer
int	iterations per sample	ATTRIBUTE	NPL P N	C++	freeminer	https://github.com/freeminer/freeminer
class	Java11 Web Socket	CLASS	PRE NM N	Java	Smack	https://github.com/igniterealtime/Smack
class	Java11 Web Socket Factory	CLASS	PRE NM NM N	Java	Smack	https://github.com/igniterealtime/Smack
Map	join Mj Id 2 Scan Mj Id	DECLARATION	V NM N P V NM N	Java	drill	https://github.com/apache/drill
K	k 6	PARAMETER	N D	Java	guava	https://github.com/google/guava
K	k 7	PARAMETER	N D	Java	guava	https://github.com/google/guava
K	k 8	PARAMETER	N D	Java	guava	https://github.com/google/guava
int	k Diy Significand Size	ATTRIBUTE	NM NM NM N	C++	panda3d	https://github.com/panda3d/panda3d
int	k Dp Significand Size	ATTRIBUTE	NM NM NM N	C++	panda3d	https://github.com/panda3d/panda3d
bool	k Im 2 Col	DECLARATION	NM N P N	C++	caffe	https://github.com/BVLC/caffe
uint32_t	keep when false	PARAMETER	V VM NM	C	rigraph	https://github.com/igraph/rigraph
uint32_t	keep when true	PARAMETER	V VM NM	C	rigraph	https://github.com/igraph/rigraph
class	Keras 2D Embedding	CLASS	PRE NM N	Java	deeplearning4j	https://github.com/eclipse/deeplearning4j
class	Keras Convolution 2D	CLASS	PRE N NM	Java	deeplearning4j	https://github.com/eclipse/deeplearning4j
class	Keras Deconvolution 2D	CLASS	PRE N NM	Java	deeplearning4j	https://github.com/eclipse/deeplearning4j
class	Keras Depthwise Convolution 2D	CLASS	PRE NM N NM	Java	deeplearning4j	https://github.com/eclipse/deeplearning4j
class	Keras Upsampling 1D	CLASS	PRE N NM	Java	deeplearning4j	https://github.com/eclipse/deeplearning4j
class	Keras Zero Padding 1D	CLASS	PRE NM N NM	Java	deeplearning4j	https://github.com/eclipse/deeplearning4j
void*	kill nonused tcp	FUNCTION	V NM N	C	toxcore	https://github.com/TokTok/c-toxcore
uint16_t	l 4 ofs	ATTRIBUTE	N D N	C	ovs	https://github.com/openvswitch/ovs
int*	l place schematic on vmanip	FUNCTION	PRE V N P N	C++	freeminer	https://github.com/freeminer/freeminer
int	l set last run mod	FUNCTION	PRE V DT V N	C++	freeminer	https://github.com/freeminer/freeminer
integer	l wk 1	DECLARATION	PRE N D	C	rigraph	https://github.com/igraph/rigraph
double	l1 regularizer	ATTRIBUTE	NM N	C	meta	https://github.com/meta-toolkit/meta
int	last Access Time	PARAMETER	DT NM N	Java	drill	https://github.com/apache/drill
guint32	last ack seq	ATTRIBUTE	DT NM N	C	wireshark	https://github.com/wireshark/wireshark
long	last Active	ATTRIBUTE	DT N	Java	Openfire	https://github.com/igniterealtime/Openfire
Instant	last Activity	DECLARATION	DT N	Java	Openfire	https://github.com/igniterealtime/Openfire
Date	last Activity Date Range Max	ATTRIBUTE	DT NM NM NM N	Java	Openfire	https://github.com/igniterealtime/Openfire
long	last Answered Request ID	ATTRIBUTE	DT NM NM N	Java	Openfire	https://github.com/igniterealtime/Openfire
String	last Argument	DECLARATION	DT N	Java	immutables	https://github.com/immutables/immutables
boolean	last Batch Read	ATTRIBUTE	DT N NM	Java	drill	https://github.com/apache/drill
int	last bucket	DECLARATION	DT N	C	naemon-core	https://github.com/naemon/naemon-core
unique_ptr	last builder	ATTRIBUTE	DT N	C++	meta	https://github.com/meta-toolkit/meta
size_t	last bytes	ATTRIBUTE	DT NPL	C	git2r	https://github.com/ropensci/git2r
AtomicInteger	last Coordination Id	ATTRIBUTE	DT NM N	Java	drill	https://github.com/apache/drill
time_t	last data purge	ATTRIBUTE	DT N V	C	weechat	https://github.com/weechat/weechat
Document	last Document	ATTRIBUTE	DT N	Java	drill	https://github.com/apache/drill
BatchHolder	last Entry Batch	PARAMETER	DT NM N	Java	drill	https://github.com/apache/drill
DWORD	last err	PARAMETER	DT N	C	ovs	https://github.com/openvswitch/ovs
SQLException	last Exception	DECLARATION	DT N	Java	Openfire	https://github.com/igniterealtime/Openfire
QualType	last Expr Ty	DECLARATION	DT NM N	C++	cling	https://github.com/root-project/cling
AtomicLong	last Heartbeat Time	PARAMETER	DT NM N	Java	Singularity	https://github.com/sylabs/singularity
uint64_t	last id	DECLARATION	DT N	C++	meta	https://github.com/meta-toolkit/meta
int	last Idx	ATTRIBUTE	DT N	Java	deeplearning4j	https://github.com/eclipse/deeplearning4j
size_t	last in target	DECLARATION	DT P N	C	git2r	https://github.com/ropensci/git2r
int	last Index Of Dot	DECLARATION	DT N P N	Java	immutables	https://github.com/immutables/immutables
K	last Key	FUNCTION	DT N	Java	guava	https://github.com/google/guava
int	last layer index	ATTRIBUTE	DT NM N	C++	caffe	https://github.com/BVLC/caffe
label_id	last lbl	DECLARATION	DT N	C++	meta	https://github.com/meta-toolkit/meta
INDArray	last Mem Cell	ATTRIBUTE	DT NM N	Java	deeplearning4j	https://github.com/eclipse/deeplearning4j
HashMap	last Message	ATTRIBUTE	DT N	Java	Spark	https://github.com/apache/spark
Date	last Message Date	PARAMETER	DT NM N	Java	Smack	https://github.com/igniterealtime/Smack
Mode	last Mode	ATTRIBUTE	DT N	C++	freeminer	https://github.com/freeminer/freeminer
guint	last n	ATTRIBUTE	DT N	C	wireshark	https://github.com/wireshark/wireshark
bool	last part	PARAMETER	DT N	C++	s3fs-fuse	https://github.com/s3fs-fuse/s3fs-fuse
long	last Pending Task Cache	ATTRIBUTE	DT NM NM N	Java	Singularity	https://github.com/sylabs/singularity
u16	last percent	ATTRIBUTE	DT N	C++	freeminer	https://github.com/freeminer/freeminer
AtomicLong	last Persister Success	PARAMETER	DT NM N	Java	Singularity	https://github.com/sylabs/singularity
int	last pos	PARAMETER	DT N	C	toggldesktop	https://github.com/toggl-open-source/toggldesktop
ScanRange	last Range	DECLARATION	DT N	Java	drill	https://github.com/apache/drill
RelNode	last Rel Node	DECLARATION	DT NM N	Java	drill	https://github.com/apache/drill
long	last Request Utilization Cache	ATTRIBUTE	DT NM NM N	Java	Singularity	https://github.com/sylabs/singularity
IterOutcome	last Right Status	DECLARATION	DT NM N	Java	drill	https://github.com/apache/drill
int	last Row	ATTRIBUTE	DT N	Java	drill	https://github.com/apache/drill
t_plugin_script	last script	ATTRIBUTE	DT N	C	weechat	https://github.com/weechat/weechat
int	last Segment Index	DECLARATION	DT NM N	Java	drill	https://github.com/apache/drill
int	last Set	DECLARATION	DT N	Java	drill	https://github.com/apache/drill
int	last Slash Index	DECLARATION	DT NM N	Java	drill	https://github.com/apache/drill
StreamID	last Stream	PARAMETER	DT N	C++	proxygen	https://github.com/facebook/proxygen
auto	last Stream Id Size	DECLARATION	DT NM NM N	C++	proxygen	https://github.com/facebook/proxygen
Optional	last Task Status	ATTRIBUTE	DT NM N	Java	Singularity	https://github.com/sylabs/singularity
uint64_t	last term	ATTRIBUTE	DT N	C	ovs	https://github.com/openvswitch/ovs
u64	last time	ATTRIBUTE	DT N	C++	freeminer	https://github.com/freeminer/freeminer
char	last Transition	ATTRIBUTE	DT N	Java	drill	https://github.com/apache/drill
long	last Update Time	ATTRIBUTE	DT NM N	Java	deeplearning4j	https://github.com/eclipse/deeplearning4j
SingularityTaskUsage	last Usage	DECLARATION	DT N	Java	Singularity	https://github.com/sylabs/singularity
long	last used	ATTRIBUTE	DT V	C	ovs	https://github.com/openvswitch/ovs
int	last used Ypos	ATTRIBUTE	DT V N	Java	Spark	https://github.com/apache/spark
boolean	last Value	PARAMETER	DT N	Java	immutables	https://github.com/immutables/immutables
rusage	last wakeup	PARAMETER	DT V	C	ovs	https://github.com/openvswitch/ovs
wint_t	last wc	PARAMETER	DT N	C	git2r	https://github.com/ropensci/git2r
JVar	last Writer Idx	ATTRIBUTE	DT NM N	Java	drill	https://github.com/apache/drill
int	last Y	ATTRIBUTE	DT N	C	mgba	https://github.com/mgba-emu/mgba
Intratype	left Intra type	DECLARATION	NM NM N	Java	immutables	https://github.com/immutables/immutables
uint32_t	left to parse	DECLARATION	V P V	C++	proxygen	https://github.com/facebook/proxygen
size_t	len a	PARAMETER	NM N	C	freeminer	https://github.com/freeminer/freeminer
String	less Terminal Path	ATTRIBUTE	NM NM N	Java	Singularity	https://github.com/sylabs/singularity
LikeFilter	like Filter	PARAMETER	NM N	C++	drill	https://github.com/apache/drill
RunQuery	limit 0 Query	DECLARATION	N D N	Java	drill	https://github.com/apache/drill
int	lines after	ATTRIBUTE	NPL P	C	weechat	https://github.com/weechat/weechat
size_t	lines in hunk	DECLARATION	NPL P N	C	git2r	https://github.com/ropensci/git2r
int	lines per option	DECLARATION	NPL P N	C	weechat	https://github.com/weechat/weechat
long	lk 1	DECLARATION	N D	Java	drill	https://github.com/apache/drill
int	load from lib dir	PARAMETER	V P NM N	C	weechat	https://github.com/weechat/weechat
git_str	local path out	PARAMETER	NM NM N	C	git2r	https://github.com/ropensci/git2r
string	log on wait	PARAMETER	V P V	C++	caffe	https://github.com/BVLC/caffe
LPoint3	look at	ATTRIBUTE	V P	C++	panda3d	https://github.com/panda3d/panda3d
double	m 11	ATTRIBUTE	N D	C++	freeminer	https://github.com/freeminer/freeminer
double	m 13	ATTRIBUTE	N D	C++	freeminer	https://github.com/freeminer/freeminer
double	m 21	ATTRIBUTE	N D	C++	freeminer	https://github.com/freeminer/freeminer
double	m 22	ATTRIBUTE	N D	C++	freeminer	https://github.com/freeminer/freeminer
double	m 23	ATTRIBUTE	N D	C++	freeminer	https://github.com/freeminer/freeminer
double	m 31	ATTRIBUTE	N D	C++	freeminer	https://github.com/freeminer/freeminer
double	m 33	ATTRIBUTE	N D	C++	freeminer	https://github.com/freeminer/freeminer
bool	m all Tables Selectable	ATTRIBUTE	PRE DT NPL NM	C++	drill	https://github.com/apache/drill
QString	m endpoint a	ATTRIBUTE	PRE NM N	C++	wireshark	https://github.com/wireshark/wireshark
ForWhat	m for What	ATTRIBUTE	PRE P DT	C++	freeminer	https://github.com/freeminer/freeminer
double	m in Nanoseconds	ATTRIBUTE	PRE P NPL	C++	freeminer	https://github.com/freeminer/freeminer
AssertionInfo	m last Assertion Info	ATTRIBUTE	PRE DT NM N	C++	freeminer	https://github.com/freeminer/freeminer
bool	m last Assertion Passed	ATTRIBUTE	PRE DT N V	C++	freeminer	https://github.com/freeminer/freeminer
size_t	m last Connection	ATTRIBUTE	PRE DT N	C++	drill	https://github.com/apache/drill
string	m last Query	ATTRIBUTE	PRE DT N	C++	drill	https://github.com/apache/drill
Option	m last Result	ATTRIBUTE	PRE DT N	C++	freeminer	https://github.com/freeminer/freeminer
u16	m last used id	ATTRIBUTE	PRE DT NM N	C++	freeminer	https://github.com/freeminer/freeminer
bool	m like Escape Clause Supported	ATTRIBUTE	PRE NM NM N V	C++	drill	https://github.com/apache/drill
map	m name to id	ATTRIBUTE	PRE N P N	C++	freeminer	https://github.com/freeminer/freeminer
CachedVertexShaderSetting	m perspective bias1 vertex	ATTRIBUTE	PRE NM NM N	C++	freeminer	https://github.com/freeminer/freeminer
void	m PSP 2 Load ROM	FUNCTION	PRE N D V N	C	mgba	https://github.com/mgba-emu/mgba
string	m redirected Cout	ATTRIBUTE	PRE V N	C++	freeminer	https://github.com/freeminer/freeminer
int	m sbox 4	ATTRIBUTE	PRE N D	Java	Openfire	https://github.com/igniterealtime/Openfire
T	m to	ATTRIBUTE	PRE P	C++	toggldesktop	https://github.com/toggl-open-source/toggldesktop
Vector	m to copy	ATTRIBUTE	PRE P N	Java	freeminer	https://github.com/freeminer/freeminer
bool	m used up	ATTRIBUTE	PRE V VM	C++	freeminer	https://github.com/freeminer/freeminer
string	m what	ATTRIBUTE	PRE DT	C++	toggldesktop	https://github.com/toggl-open-source/toggldesktop
String	MAIL FORWARD 16 x 16	ATTRIBUTE	V N D P D	Java	Spark	https://github.com/apache/spark
int	max v 4 frag list size	ATTRIBUTE	NM N D NM NM N	C	ovs	https://github.com/openvswitch/ovs
int	md5 out len	DECLARATION	NM NM N	C++	s3fs-fuse	https://github.com/s3fs-fuse/s3fs-fuse
int*	merge driver name for path	FUNCTION	V NM N P N	C	git2r	https://github.com/ropensci/git2r
auto	merged 1	ATTRIBUTE	N D	C++	deeplearning4j	https://github.com/eclipse/deeplearning4j
auto	merged 3	ATTRIBUTE	N D	C++	deeplearning4j	https://github.com/eclipse/deeplearning4j
char	message after mod	ATTRIBUTE	N P N	C	weechat	https://github.com/weechat/weechat
char	message before mod	ATTRIBUTE	V P N	C	weechat	https://github.com/weechat/weechat
char	message no color	DECLARATION	N DT N	C	weechat	https://github.com/weechat/weechat
float	mid 1	DECLARATION	N D	C++	freeminer	https://github.com/freeminer/freeminer
LogicalMinus	minus	PARAMETER	P	Java	drill	https://github.com/apache/drill
ccv_cnnp_dataframe_data_item_t	more data	DECLARATION	DT N	C	ccv	https://github.com/liuliu/ccv
ClosingFuture	more Futures	PARAMETER	DT NPL	Java	guava	https://github.com/google/guava
Gs	more Generators	PARAMETER	DT NPL	C++	freeminer	https://github.com/freeminer/freeminer
u8	more To Follow	PARAMETER	DT P V	C	ccv	https://github.com/liuliu/ccv
int	morecore properties	ATTRIBUTE	PRE NPL	C++	panda3d	https://github.com/panda3d/panda3d
long	murmur 3 64	FUNCTION	N D D	Java	drill	https://github.com/apache/drill
class	Murmur Hash 3	CLASS	NM N D	Java	drill	https://github.com/apache/drill
class	Murmur3 128 Hash Function	CLASS	PRE D NM N	Java	guava	https://github.com/google/guava
MapNode	n 3	DECLARATION	N D	C++	freeminer	https://github.com/freeminer/freeminer
Int	n col 2	PARAMETER	NM N D	C	rigraph	https://github.com/igraph/rigraph
MapNode	n dirt with grass	DECLARATION	PRE N P N	C++	freeminer	https://github.com/freeminer/freeminer
uint64_t	n frag too small	ATTRIBUTE	NM N VM NM	C	ovs	https://github.com/openvswitch/ovs
MapNode	n from	PARAMETER	N P	C++	freeminer	https://github.com/freeminer/freeminer
MapNode	n water or ice	DECLARATION	N N CJ N	C++	freeminer	https://github.com/freeminer/freeminer
string	name 1	PARAMETER	N D	C++	meta	https://github.com/meta-toolkit/meta
char	name what	ATTRIBUTE	N DT	C	freeminer	https://github.com/freeminer/freeminer
void	Net after forward	FUNCTION	PRE P N	C++	caffe	https://github.com/BVLC/caffe
void	Net before backward	FUNCTION	PRE P N	C++	caffe	https://github.com/BVLC/caffe
void	Net before forward	FUNCTION	PRE P N	C++	caffe	https://github.com/BVLC/caffe
int	new Param 1	ATTRIBUTE	NM N D	C++	freeminer	https://github.com/freeminer/freeminer
int	new Param 2	ATTRIBUTE	NM N D	C++	freeminer	https://github.com/freeminer/freeminer
int	new Shape 2	DECLARATION	NM N D	Java	deeplearning4j	https://github.com/eclipse/deeplearning4j
BatchInfo	next	ATTRIBUTE	DT	C++	toggldesktop	https://github.com/toggl-open-source/toggldesktop
t_gui_bar	next bar	ATTRIBUTE	DT N	C	weechat	https://github.com/weechat/weechat
float	next Cast Cost	DECLARATION	DT NM N	Java	drill	https://github.com/apache/drill
char	next Char	DECLARATION	DT N	Java	drill	https://github.com/apache/drill
t_config_file	next config	ATTRIBUTE	DT N	C	weechat	https://github.com/weechat/weechat
xodtemplate_daterange	next date range	DECLARATION	DT NM N	C	naemon-core	https://github.com/naemon/naemon-core
double	next Double	FUNCTION	DT N	Java	immutables	https://github.com/immutables/immutables
void	next Egress	FUNCTION	DT N	C++	proxygen	https://github.com/facebook/proxygen
Group	next Element	ATTRIBUTE	DT N	Java	Openfire	https://github.com/igniterealtime/Openfire
int32_t	next event	ATTRIBUTE	DT N	C	mgba	https://github.com/mgba-emu/mgba
String	next Field	ATTRIBUTE	DT N	Java	drill	https://github.com/apache/drill
String	next Field Name	FUNCTION	DT NM N	Java	immutables	https://github.com/immutables/immutables
NextFilter	Next Filter	PARAMETER	DT N	Java	Openfire	https://github.com/igniterealtime/Openfire
ClassNames	next Generated	DECLARATION	DT V	Java	drill	https://github.com/apache/drill
t_gui_nick_group	next group	ATTRIBUTE	DT N	C	weechat	https://github.com/weechat/weechat
xodtemplate_hostescalation	next he	DECLARATION	DT N	C	naemon-core	https://github.com/naemon/naemon-core
int	next head	FUNCTION	DT N	C	git2r	https://github.com/ropensci/git2r
int	next Id	ATTRIBUTE	DT N	Java	drill	https://github.com/apache/drill
ImmutableEntry	next In Bucket	FUNCTION	DT P N	Java	guava	https://github.com/google/guava
TaskStatus	next In Memory	FUNCTION	DT P N	Java	Singularity	https://github.com/sylabs/singularity
Object	next Instance	FUNCTION	DT N	Java	cglib	https://github.com/cglib/cglib
char	next Key	DECLARATION	DT N	C++	cling	https://github.com/root-project/cling
Object	next Label	DECLARATION	DT N	Java	guava	https://github.com/google/guava
int	next Local	ATTRIBUTE	DT N	Java	cglib	https://github.com/cglib/cglib
string	next marker	DECLARATION	DT N	C++	s3fs-fuse	https://github.com/s3fs-fuse/s3fs-fuse
int	next max	ATTRIBUTE	DT N	C	ovs	https://github.com/openvswitch/ovs
vector	next metadata	FUNCTION	DT N	C++	meta	https://github.com/meta-toolkit/meta
List	next Names	DECLARATION	DT NPL	Java	drill	https://github.com/apache/drill
Cell	next nonsingleton	ATTRIBUTE	DT N	C++	rigraph	https://github.com/igraph/rigraph
objectlist	next object list	DECLARATION	DT NM N	C	naemon-core	https://github.com/naemon/naemon-core
gint	next offset	DECLARATION	DT N	C	wireshark	https://github.com/wireshark/wireshark
ReadStatus	next Page From Queue	FUNCTION	DT N P N	Java	drill	https://github.com/apache/drill
Object	next Page Value	DECLARATION	DT NM N	Java	drill	https://github.com/apache/drill
int	next Partition To Return	ATTRIBUTE	DT N P N	Java	drill	https://github.com/apache/drill
uint32_t	next PC	DECLARATION	DT N	C++	facebook-repo-ds2	https://github.com/facebookresearch/ds2
ClassNames	next Precompiled	DECLARATION	DT NM	Java	drill	https://github.com/apache/drill
Token*	next Preprocessed	FUNCTION	DT V	C++	toggldesktop	https://github.com/toggl-open-source/toggldesktop
string	next Protocol	PARAMETER	DT N	C++	proxygen	https://github.com/facebook/proxygen
string	next Protos	PARAMETER	DT NPL	C++	proxygen	https://github.com/facebook/proxygen
query_handler	next qh	ATTRIBUTE	DT N	C	naemon-core	https://github.com/naemon/naemon-core
u8	next real face	DECLARATION	DT NM N	C++	freeminer	https://github.com/freeminer/freeminer
Pair	next Row Key Batch	FUNCTION	DT NM NM N	Java	drill	https://github.com/apache/drill
xodtemplate_serviceextinfo	next se	DECLARATION	DT N	C	naemon-core	https://github.com/naemon/naemon-core
servicesmember	next services member	DECLARATION	DT NM N	C	naemon-core	https://github.com/naemon/naemon-core
ClassSet	next Set	DECLARATION	DT N	Java	drill	https://github.com/apache/drill
Node*	next Sibling	FUNCTION	DT N	C++	toggldesktop	https://github.com/toggl-open-source/toggldesktop
FileSplit	next Split	FUNCTION	DT N	Java	drill	https://github.com/apache/drill
long	next tag	DECLARATION	DT N	C++	s3fs-fuse	https://github.com/s3fs-fuse/s3fs-fuse
Runnable	next Task	ATTRIBUTE	DT N	Java	guava	https://github.com/google/guava
int	next tex	ATTRIBUTE	DT N	C++	panda3d	https://github.com/panda3d/panda3d
char	next Tok Ptr	PARAMETER	DT NM N	C	toggldesktop	https://github.com/toggl-open-source/toggldesktop
ASN1_GENERALIZEDTIME	next upd	PARAMETER	DT N	C	toggldesktop	https://github.com/toggl-open-source/toggldesktop
int32_t	next update	ATTRIBUTE	DT N	C	mgba	https://github.com/mgba-emu/mgba
long	next Update Time	ATTRIBUTE	DT NM N	Java	drill	https://github.com/apache/drill
long	next Value	ATTRIBUTE	DT N	Java	metrics	https://github.com/dropwizard/metrics
ImmutableList	no Attributes	ATTRIBUTE	DT NPL	Java	immutables	https://github.com/immutables/immutables
bool	no cache	PARAMETER	DT N	C	freeminer	https://github.com/freeminer/freeminer
int	no callback	DECLARATION	DT N	C	git2r	https://github.com/ropensci/git2r
fdpage_list_t	no data pages	DECLARATION	DT NM NPL	C++	s3fs-fuse	https://github.com/s3fs-fuse/s3fs-fuse
no_delay	no Delay	DECLARATION	DT N	C++	drill	https://github.com/apache/drill
float	no dig delay timer	ATTRIBUTE	DT N NM N	C++	freeminer	https://github.com/freeminer/freeminer
bool	no emerge	PARAMETER	DT V	C++	freeminer	https://github.com/freeminer/freeminer
bool	no Error	FUNCTION	DT N	C++	proxygen	https://github.com/facebook/proxygen
boolean	no Interfaces	ATTRIBUTE	DT NPL	Java	deeplearning4j	https://github.com/eclipse/deeplearning4j
char	no log	DECLARATION	DT N	C	weechat	https://github.com/weechat/weechat
bool	no logo	PARAMETER	DT N	C	cling	https://github.com/root-project/cling
igraph_integer_t	no of edges 2	DECLARATION	N P NPL D	C	rigraph	https://github.com/igraph/rigraph
int	no of groups	PARAMETER	N P NPL	C	rigraph	https://github.com/igraph/rigraph
int	no of nodes	DECLARATION	N P NPL	C	rigraph	https://github.com/igraph/rigraph
bool	no output	ATTRIBUTE	DT N	C++	freeminer	https://github.com/freeminer/freeminer
bool	no random	PARAMETER	DT N	C++	freeminer	https://github.com/freeminer/freeminer
uint64_t	no replay	DECLARATION	DT N	C	toxcore	https://github.com/TokTok/c-toxcore
boolean	no Reply	PARAMETER	DT N	Java	Smack	https://github.com/igniterealtime/Smack
bool	no Runtime	PARAMETER	DT N	C++	cling	https://github.com/root-project/cling
SourceLocation	no Src Loc	DECLARATION	DT NM N	C++	cling	https://github.com/root-project/cling
int	no text	PARAMETER	DT N	C	toggldesktop	https://github.com/toggl-open-source/toggldesktop
bool	no truncate	PARAMETER	DT V	C++	s3fs-fuse	https://github.com/s3fs-fuse/s3fs-fuse
Writable	no Val	ATTRIBUTE	DT N	Java	deeplearning4j	https://github.com/eclipse/deeplearning4j
PandaNode	node 2	PARAMETER	N D	C++	panda3d	https://github.com/panda3d/panda3d
float	noise 2	PARAMETER	N D	C++	freeminer	https://github.com/freeminer/freeminer
auto	none	DECLARATION	DT	C++	meta	https://github.com/meta-toolkit/meta
void	normalize by rebuilding	FUNCTION	V P V	C++	panda3d	https://github.com/panda3d/panda3d
guint16	noti flags number	PARAMETER	NM NM N	C	wireshark	https://github.com/wireshark/wireshark
int	notified on	ATTRIBUTE	V P	C	naemon-core	https://github.com/naemon/naemon-core
int	notify contact of host	FUNCTION	V N P N	C	naemon-core	https://github.com/naemon/naemon-core
Instant	now	DECLARATION	VM	Java	Openfire	https://github.com/igniterealtime/Openfire
string	now cache	DECLARATION	VM V	C++	s3fs-fuse	https://github.com/s3fs-fuse/s3fs-fuse
long	now Micros	PARAMETER	VM NPL	Java	guava	https://github.com/google/guava
string	now path	DECLARATION	VM N	C++	s3fs-fuse	https://github.com/s3fs-fuse/s3fs-fuse
time_t	now time	DECLARATION	VM N	C++	s3fs-fuse	https://github.com/s3fs-fuse/s3fs-fuse
TextureCollection*	ns find all textures	FUNCTION	PRE V DT NPL	C++	panda3d	https://github.com/panda3d/panda3d
bool	null or empty	FUNCTION	NM CJ NM	C++	deeplearning4j	https://github.com/eclipse/deeplearning4j
int	num ascnt	ATTRIBUTE	NM N	C	rigraph	https://github.com/igraph/rigraph
Blob	num by chans	ATTRIBUTE	N P NPL	C++	caffe	https://github.com/BVLC/caffe
int	num faces to draw	DECLARATION	NM NPL P V	C++	freeminer	https://github.com/freeminer/freeminer
int	num kernels im 2 col	ATTRIBUTE	NM NPL N P N	C++	caffe	https://github.com/BVLC/caffe
size_t	num to check	DECLARATION	N P V	C	mgba	https://github.com/mgba-emu/mgba
int	num vertices per primitive	DECLARATION	NM NPL P N	C++	panda3d	https://github.com/panda3d/panda3d
long	number of nodes	DECLARATION	N P NPL	C++	rigraph	https://github.com/igraph/rigraph
NumericType	numeric type 3	PARAMETER	NM N D	C++	panda3d	https://github.com/panda3d/panda3d
MultiUserChatService	o 2	PARAMETER	N D	Java	Openfire	https://github.com/igniterealtime/Openfire
LongType	o Stride 0	DECLARATION	NM N D	C++	deeplearning4j	https://github.com/eclipse/deeplearning4j
btCollisionObject	obj 0	DECLARATION	N D	C++	panda3d	https://github.com/panda3d/panda3d
int	obsess over host	PARAMETER	V P N	C	naemon-core	https://github.com/naemon/naemon-core
odp_key_fitness*	odp nsh key from attr	FUNCTION	PRE PRE N P N	C	ovs	https://github.com/openvswitch/ovs
float	odx 1	DECLARATION	N D	C	rigraph	https://github.com/igraph/rigraph
class	OF 1515	CLASS	N D	Java	Openfire	https://github.com/igniterealtime/Openfire
ofbundle	of bundle	PARAMETER	PRE N	C	ovs	https://github.com/openvswitch/ovs
off_t	off	PARAMETER	N	C	meta	https://github.com/meta-toolkit/meta
auto	off Arg	DECLARATION	NM N	C++	facebook-repo-ds2	https://github.com/facebookresearch/ds2
long	off Bits	PARAMETER	NM NPL	C++	panda3d	https://github.com/panda3d/panda3d
ImageIcon	off Icon	ATTRIBUTE	NM N	Java	Openfire	https://github.com/igniterealtime/Openfire
int	offset p	PARAMETER	NM N	C	wireshark	https://github.com/wireshark/wireshark
igraph_real_t	offset to left contour	ATTRIBUTE	V P NM N	C	rigraph	https://github.com/igraph/rigraph
igraph_real_t	offset to right contour	ATTRIBUTE	V P NM N	C	rigraph	https://github.com/igraph/rigraph
ofpbuf*	ofp buf clone with headroom	FUNCTION	PRE PRE N P N	C	ovs	https://github.com/openvswitch/ovs
git_oid	oid a	PARAMETER	NM N	C	git2r	https://github.com/ropensci/git2r
int	old Param 2	ATTRIBUTE	NM N D	C++	freeminer	https://github.com/freeminer/freeminer
ObjectName	on	DECLARATION	N	Java	metrics	https://github.com/dropwizard/metrics
void	on Connection Close	FUNCTION	P N V	Java	Openfire	https://github.com/igniterealtime/Openfire
int	on disk	ATTRIBUTE	P N	C	git2r	https://github.com/ropensci/git2r
void	on Egress Buffered	FUNCTION	P N V	C++	proxygen	https://github.com/facebook/proxygen
ErrorCode	on Execute Program	FUNCTION	P V N	C++	facebook-repo-ds2	https://github.com/facebookresearch/ds2
bp::object	on gradients ready	ATTRIBUTE	P NPL NM	C++	caffe	https://github.com/BVLC/caffe
size_t	on Header Bytes Generated	DECLARATION	P NM NPL V	C	proxygen	https://github.com/facebook/proxygen
ImageIcon	on Icon	ATTRIBUTE	NM N	Java	Openfire	https://github.com/igniterealtime/Openfire
void	on Metric Removed	FUNCTION	P N V	Java	metrics	https://github.com/dropwizard/metrics
ebb_header_cb	on multipart header field	ATTRIBUTE	P NM NM N	C	ccv	https://github.com/liuliu/ccv
void	on Ping Reply Latency	FUNCTION	P NM NM N	C++	proxygen	https://github.com/facebook/proxygen
void	on Post Execute	FUNCTION	P N V	Java	freeminer	https://github.com/freeminer/freeminer
ErrorCode	on Query Hardware Watchpoint Count	FUNCTION	P NM NM NM N	C++	facebook-repo-ds2	https://github.com/facebookresearch/ds2
ebb_element_cb	on query string	ATTRIBUTE	P NM N	C	ccv	https://github.com/liuliu/ccv
http_data_cb	on reason	ATTRIBUTE	P N	C	proxygen	https://github.com/facebook/proxygen
void*	on request response	FUNCTION	P NM N	C	ccv	https://github.com/liuliu/ccv
void	on Response Content	FUNCTION	P NM N	Java	metrics	https://github.com/dropwizard/metrics
void	on Server Egress Paused	FUNCTION	P NM N V	C++	proxygen	https://github.com/facebook/proxygen
bool	on Server Side	PARAMETER	P NM N	C++	toggldesktop	https://github.com/toggl-open-source/toggldesktop
void	on Shutdown Request	FUNCTION	P NM N	Java	drill	https://github.com/apache/drill
void	on start	FUNCTION	P N	C++	caffe	https://github.com/BVLC/caffe
object	on start	ATTRIBUTE	P N	C++	caffe	https://github.com/BVLC/caffe
http_data_cb	on status	ATTRIBUTE	P N	C	crow	https://github.com/CrowCpp/Crow
ErrorCode*	on Thread Is Alive	FUNCTION	P N V NM	C++	facebook-repo-ds2	https://github.com/facebookresearch/ds2
void	on Tick	FUNCTION	P N	Java	drill	https://github.com/apache/drill
ovsthread_once	once	DECLARATION	VM	C	ovs	https://github.com/openvswitch/ovs
bool	only amz	PARAMETER	VM N	C++	s3fs-fuse	https://github.com/s3fs-fuse/s3fs-fuse
boolean	only Done	ATTRIBUTE	VM NM	Java	Smack	https://github.com/igniterealtime/Smack
Entry	only Entry	DECLARATION	VM N	Java	guava	https://github.com/google/guava
boolean	only Impersonation Enabled	ATTRIBUTE	VM N V	Java	drill	https://github.com/apache/drill
bool	only in ground	ATTRIBUTE	VM P N	C	freeminer	https://github.com/freeminer/freeminer
igraph_bool_t	only indices	PARAMETER	VM NPL	C	rigraph	https://github.com/igraph/rigraph
boolean	only Local	PARAMETER	VM N	Java	Openfire	https://github.com/igniterealtime/Openfire
bool	only pool	PARAMETER	VM N	C++	s3fs-fuse	https://github.com/s3fs-fuse/s3fs-fuse
int	only user	ATTRIBUTE	VM N	C	toggldesktop	https://github.com/toggl-open-source/toggldesktop
char	open if empty	DECLARATION	V CJ NM	C	libxo	https://github.com/Juniper/libxo
int	opposite Major Fragment Id	ATTRIBUTE	NM NM NM N	Java	drill	https://github.com/apache/drill
u8	or conf	PARAMETER	NM N	C	ccv	https://github.com/liuliu/ccv
DruidFilter	or Filter At Index	FUNCTION	NM N P N	Java	drill	https://github.com/apache/drill
RexNode	or Pred	PARAMETER	NM N	Java	drill	https://github.com/apache/drill
igraph_vector_int_t	order out	PARAMETER	N NM	C	rigraph	https://github.com/igraph/rigraph
int	out audio samples	DECLARATION	NM NM NPL	C	toxcore	https://github.com/TokTok/c-toxcore
T	out Buff	DECLARATION	NM N	C++	deeplearning4j	https://github.com/eclipse/deeplearning4j
int	out Buff Posn	DECLARATION	NM NM N	Java	Openfire	https://github.com/igniterealtime/Openfire
ErrorCode	out Code	PARAMETER	NM N	C++	proxygen	https://github.com/facebook/proxygen
char	out dev	DECLARATION	NM N	C	ovs	https://github.com/openvswitch/ovs
ExAttributes	out Ex Attributes	PARAMETER	NM NM NPL	C++	proxygen	https://github.com/facebook/proxygen
RelFieldCollation	out Field Collation	DECLARATION	NM NM N	Java	drill	https://github.com/apache/drill
ofstream	out file	DECLARATION	NM N	C++	meta	https://github.com/meta-toolkit/meta
unique_ptr	out Header Data	DECLARATION	NM NM N	C++	proxygen	https://github.com/facebook/proxygen
void	out how	PARAMETER	VM VM	C	mgba	https://github.com/mgba-emu/mgba
TypedFieldId	out Key Field Ids	PARAMETER	NM NM NM NPL	Java	drill	https://github.com/apache/drill
uint32_t	out list	PARAMETER	NM N	C	toxcore	https://github.com/TokTok/c-toxcore
igraph_inclist_t	out list	DECLARATION	NM N	C	rigraph	https://github.com/igraph/rigraph
bool	out max val	ATTRIBUTE	V NM N	C++	caffe	https://github.com/BVLC/caffe
AtomicLong	out Messages	ATTRIBUTE	NM NPL	Java	Openfire	https://github.com/igniterealtime/Openfire
int	out Name Index	DECLARATION	NM NM N	Java	drill	https://github.com/apache/drill
void*	out of domain	FUNCTION	P P N	C	rigraph	https://github.com/igraph/rigraph
boolean	out Of Memory	PARAMETER	P P N	Java	drill	https://github.com/apache/drill
uint64_t	out Opaque Data	PARAMETER	NM NM N	C++	proxygen	https://github.com/facebook/proxygen
Prel	out Prel	DECLARATION	NM N	Java	drill	https://github.com/apache/drill
PushId	out Push Id	PARAMETER	NM NM N	C++	proxygen	https://github.com/facebook/proxygen
igraph_vector_t	out seq	PARAMETER	NM N	C	rigraph	https://github.com/igraph/rigraph
String	out Stat Name	PARAMETER	NM NM N	Java	drill	https://github.com/apache/drill
lm_state	out state	PARAMETER	NM N	C++	meta	https://github.com/meta-toolkit/meta
int	out Types Offset	DECLARATION	NM NM N	Java	deeplearning4j	https://github.com/eclipse/deeplearning4j
int	out vlan	ATTRIBUTE	NM N	C	ovs	https://github.com/openvswitch/ovs
size_t	over size	DECLARATION	P N	C++	s3fs-fuse	https://github.com/s3fs-fuse/s3fs-fuse
OVS_WARN_UNUSED_RESULT*	ovs db transient datum from json	FUNCTION	PRE PRE NM N P N	C	ovs	https://github.com/openvswitch/ovs
json*	ovsdb atom string create no copy	FUNCTION	PRE PRE N V DT V	C	ovs	https://github.com/openvswitch/ovs
int	p 2	DECLARATION	N D	Java	Openfire	https://github.com/igniterealtime/Openfire
v2s16	p 2d	PARAMETER	N NM	C++	freeminer	https://github.com/freeminer/freeminer
Fts5Table	p Fts5	ATTRIBUTE	PRE PRE	C	ccv	https://github.com/liuliu/ccv
Mem	p Mem 1	PARAMETER	PRE N D	C	ccv	https://github.com/liuliu/ccv
Token	p Name 2	PARAMETER	PRE N D	C	mgba	https://github.com/mgba-emu/mgba
double	p save	DECLARATION	PRE V	C	rigraph	https://github.com/igraph/rigraph
u8	p5 Err msg	PARAMETER	NM NM N	C	toggldesktop	https://github.com/toggl-open-source/toggldesktop
long	pad 0	ATTRIBUTE	N D	C++	panda3d	https://github.com/panda3d/panda3d
uint8_t	pad 2	ATTRIBUTE	N D	C	ovs	https://github.com/openvswitch/ovs
vector	param propagate down	ATTRIBUTE	N V P	C++	caffe	https://github.com/BVLC/caffe
NetParameter	param upgraded pad	PARAMETER	N V N	C++	caffe	https://github.com/BVLC/caffe
long	part 3	DECLARATION	N D	Java	guava	https://github.com/google/guava
boolean	partition Filter Push down	ATTRIBUTE	NM N V P	Java	drill	https://github.com/apache/drill
boolean	partitionby	DECLARATION	N	Java	drill	https://github.com/apache/drill
bool	pass through	DECLARATION	V P	C++	freeminer	https://github.com/freeminer/freeminer
String	path Name for Logs	PARAMETER	NM N P NPL	Java	Singularity	https://github.com/sylabs/singularity
ArrayList	paths 2	DECLARATION	NPL D	Java	deeplearning4j	https://github.com/eclipse/deeplearning4j
long	per Ex Train	DECLARATION	P NM N	Java	deeplearning4j	https://github.com/eclipse/deeplearning4j
void	place all	FUNCTION	V DT	C++	panda3d	https://github.com/panda3d/panda3d
bool	playing Ch 2	ATTRIBUTE	V N D	C	mgba	https://github.com/mgba-emu/mgba
int	plfit errno	PARAMETER	NM N	C	rigraph	https://github.com/igraph/rigraph
char*	plugin api info color rgb 2 term cb	FUNCTION	PRE PRE PRE NM N P NM N	C	weechat	https://github.com/weechat/weechat
void*	plugin script str 2 ptr	FUNCTION	PRE PRE N P D	C	weechat	https://github.com/weechat/weechat
SchemaPlus	plus Of This	PARAMETER	P P DT	Java	drill	https://github.com/apache/drill
void	pointer 1	PARAMETER	N D	C	weechat	https://github.com/weechat/weechat
int	prefix x 1	ATTRIBUTE	NM N D	C	weechat	https://github.com/weechat/weechat
ShaderContext*	prepare now	FUNCTION	V VM	C++	panda3d	https://github.com/panda3d/panda3d
Cell	prev nonsingleton	ATTRIBUTE	DT N	C++	rigraph	https://github.com/igraph/rigraph
UInt32	price 2	DECLARATION	N D	C	mgba	https://github.com/mgba-emu/mgba
void	print and free json	FUNCTION	V CJ V N	C	ovs	https://github.com/openvswitch/ovs
Multimap	probe Side Scan 2 hj	ATTRIBUTE	NM NM N P N	Java	drill	https://github.com/apache/drill
int	process IpV6 Packet	FUNCTION	V NM N	Java	drill	https://github.com/apache/drill
CLzmaEncProps	props 2	PARAMETER	NPL D	C	toggldesktop	https://github.com/toggl-open-source/toggldesktop
ImmutableList	proto classes	DECLARATION	NM NPL	Java	immutables	https://github.com/immutables/immutables
set	provided	DECLARATION	V	C++	deeplearning4j	https://github.com/eclipse/deeplearning4j
ColumnMetadata	provided Column	DECLARATION	V N	Java	drill	https://github.com/apache/drill
String	provided Password	PARAMETER	V N	Java	Openfire	https://github.com/igniterealtime/Openfire
TupleMetadata	provided Schema	ATTRIBUTE	V N	Java	drill	https://github.com/apache/drill
void	ptr 1	PARAMETER	N D	C++	proxygen	https://github.com/facebook/proxygen
void	ptr 2	PARAMETER	N D	C++	proxygen	https://github.com/facebook/proxygen
t_irc_channel	ptr channel 2	DECLARATION	NM N D	C	weechat	https://github.com/weechat/weechat
char	ptr in buf	DECLARATION	NM NM N	C	weechat	https://github.com/weechat/weechat
char	ptr next	DECLARATION	N DT	C	weechat	https://github.com/weechat/weechat
t_config_option	ptr option 1	DECLARATION	NM N D	C	weechat	https://github.com/weechat/weechat
mxArray*	ptr to handle	FUNCTION	N P N	C++	caffe	https://github.com/BVLC/caffe
node_info	q 0 h	DECLARATION	N D N	C++	meta	https://github.com/meta-toolkit/meta
QueryId	q 1	PARAMETER	N D	C++	drill	https://github.com/apache/drill
QueryId	q 2	PARAMETER	N D	C++	drill	https://github.com/apache/drill
uint64_t	r 14	ATTRIBUTE	N D	C	facebook-repo-ds2	https://github.com/facebookresearch/ds2
uint32_t	r 8	ATTRIBUTE	N D	C	facebook-repo-ds2	https://github.com/facebookresearch/ds2
SEXP	R igraph add myid to env	FUNCTION	PRE PRE V N P N	C	rigraph	https://github.com/igraph/rigraph
SEXP	R igraph matrix to SEXP	FUNCTION	PRE PRE N P N	C	rigraph	https://github.com/igraph/rigraph
shared_ptr	rank 0	PARAMETER	N D	C++	caffe	https://github.com/BVLC/caffe
bool	read only	ATTRIBUTE	V VM	C	ovs	https://github.com/openvswitch/ovs
bool	Read S3fs Passwd File	FUNCTION	V NM NM N	C++	s3fs-fuse	https://github.com/s3fs-fuse/s3fs-fuse
bool	refine equal to first	ATTRIBUTE	V N P DT	C++	rigraph	https://github.com/igraph/rigraph
class	Regression 2D Adapter	CLASS	NM NM N	Java	deeplearning4j	https://github.com/eclipse/deeplearning4j
v3f	rel cam up	DECLARATION	NM N P	C++	freeminer	https://github.com/freeminer/freeminer
void*	relay auth parse pbkdf2	FUNCTION	PRE PRE V N	C	weechat	https://github.com/weechat/weechat
void*	remove from menu bar	FUNCTION	V P NM N	C++	panda3d	https://github.com/panda3d/panda3d
int*	rename object no copy	FUNCTION	V N DT V	C++	s3fs-fuse	https://github.com/s3fs-fuse/s3fs-fuse
class	Replace ES419 Language Filter	CLASS	V NM NM N	Java	Singularity	https://github.com/sylabs/singularity
void	restore degs only	FUNCTION	V NPL VM	C++	rigraph	https://github.com/igraph/rigraph
ProjResult	result 2	DECLARATION	N D	Java	drill	https://github.com/apache/drill
int*	revwalk next toposort	FUNCTION	PRE DT N	C	git2r	https://github.com/ropensci/git2r
char	RFC3526 PRIME 4096	DECLARATION	NM N D	C	toggldesktop	https://github.com/toggl-open-source/toggldesktop
int	rgb 2	DECLARATION	N D	Java	Smack	https://github.com/igniterealtime/Smack
double	rmu 0	ATTRIBUTE	N D	C	rigraph	https://github.com/igraph/rigraph
int	root 1	ATTRIBUTE	N D	C	panda3d	https://github.com/panda3d/panda3d
Point3	row 2	DECLARATION	N D	C++	panda3d	https://github.com/panda3d/panda3d
RelDataType	row Type 1	PARAMETER	NM N D	Java	drill	https://github.com/apache/drill
uint8_t	rtc Free Page 1	ATTRIBUTE	PRE V N D	C	mgba	https://github.com/mgba-emu/mgba
bool	run once	DECLARATION	V VM	C++	s3fs-fuse	https://github.com/s3fs-fuse/s3fs-fuse
ovs_be64	rx1024 to 1522 packets	ATTRIBUTE	N P D NPL	C	ovs	https://github.com/openvswitch/ovs
ovs_be64	rx128 to 255 packets	ATTRIBUTE	N P D NPL	C	ovs	https://github.com/openvswitch/ovs
auto	s 1	DECLARATION	N D	C++	meta	https://github.com/meta-toolkit/meta
ImmutableBitSet	s Gby	DECLARATION	NM N	Java	drill	https://github.com/apache/drill
sockaddr_in6	s in6	DECLARATION	NM N	C++	freeminer	https://github.com/freeminer/freeminer
ObjectFile	s o File	PARAMETER	NM NM N	C++	cling	https://github.com/root-project/cling
int	s o Timeout	DECLARATION	NM NM N	Java	Openfire	https://github.com/igniterealtime/Openfire
bool	s set find and delete	FUNCTION	NM N V CJ V	C	ovs	https://github.com/openvswitch/ovs
S3Artifact	s3 Artifact	ATTRIBUTE	NM N	Java	Singularity	https://github.com/sylabs/singularity
Set	s3 Buckets	DECLARATION	PRE NPL	Java	Singularity	https://github.com/sylabs/singularity
List	s3 Services	ATTRIBUTE	PRE NPL	Java	Singularity	https://github.com/sylabs/singularity
String	s3 Uploader Key Pattern	DECLARATION	PRE NM NM N	Java	Singularity	https://github.com/sylabs/singularity
S3fsCurl	s3fs curl	DECLARATION	PRE N	C++	s3fs-fuse	https://github.com/s3fs-fuse/s3fs-fuse
void*	s3fs exit fuse loop	FUNCTION	PRE NM NM N	C++	s3fs-fuse	https://github.com/s3fs-fuse/s3fs-fuse
void*	s3fs init	FUNCTION	PRE V	C++	s3fs-fuse	https://github.com/s3fs-fuse/s3fs-fuse
fuse_operations	s3fs oper	DECLARATION	PRE N	C++	s3fs-fuse	https://github.com/s3fs-fuse/s3fs-fuse
int*	s3fs read link	FUNCTION	PRE NM N	C++	s3fs-fuse	https://github.com/s3fs-fuse/s3fs-fuse
bool	s3fs str to offt	FUNCTION	PRE N P N	C++	s3fs-fuse	https://github.com/s3fs-fuse/s3fs-fuse
int*	s3fs truncate	FUNCTION	PRE V	C++	s3fs-fuse	https://github.com/s3fs-fuse/s3fs-fuse
int*	s3fs utimens	FUNCTION	PRE N	C++	s3fs-fuse	https://github.com/s3fs-fuse/s3fs-fuse
int	samples per buffer	ATTRIBUTE	NPL P N	C++	panda3d	https://github.com/panda3d/panda3d
void	save	ATTRIBUTE	V	C	meta	https://github.com/meta-toolkit/meta
String	SAVE AS 16 x 16	ATTRIBUTE	V P D P D	Java	Spark	https://github.com/apache/spark
bool	save before unloading	DECLARATION	V P V	C++	freeminer	https://github.com/freeminer/freeminer
png_size_t	save buffer max	ATTRIBUTE	V NM N	C	toggldesktop	https://github.com/toggl-open-source/toggldesktop
size_t	save data length	ATTRIBUTE	NM NM N	C	toxcore	https://github.com/TokTok/c-toxcore
int	save err no	DECLARATION	V NM N	C	ovs	https://github.com/openvswitch/ovs
Long	save Every Ms	ATTRIBUTE	V DT N	Java	deeplearning4j	https://github.com/eclipse/deeplearning4j
boolean	save Every Since Last	ATTRIBUTE	V DT VM DT	Java	deeplearning4j	https://github.com/eclipse/deeplearning4j
SingularityCreateResult	save Expiring Object	FUNCTION	V NM N	Java	Singularity	https://github.com/sylabs/singularity
void	save Mail Record	FUNCTION	V NM N	Java	Singularity	https://github.com/sylabs/singularity
boolean	save Output	ATTRIBUTE	V N	Java	deeplearning4j	https://github.com/eclipse/deeplearning4j
boolean	save Samples	FUNCTION	V NPL	Java	drill	https://github.com/apache/drill
SingularityCreateResult	save Task History Update	FUNCTION	V NM NM N	Java	Singularity	https://github.com/sylabs/singularity
int	sbox 4	DECLARATION	N D	Java	Openfire	https://github.com/igniterealtime/Openfire
void*	scan for sliders	FUNCTION	V P NPL	C++	panda3d	https://github.com/panda3d/panda3d
uint64_t	select in word	FUNCTION	V P N	C	meta	https://github.com/meta-toolkit/meta
void	send everything	FUNCTION	V DT	C++	panda3d	https://github.com/panda3d/panda3d
int	send to buffer	PARAMETER	V P N	C	weechat	https://github.com/weechat/weechat
class	Separable Convolution 2D	CLASS	NM N NM	Java	deeplearning4j	https://github.com/eclipse/deeplearning4j
guint32	Server 1	ATTRIBUTE	N D	C	wireshark	https://github.com/wireshark/wireshark
string	server and port	DECLARATION	N CJ N	C++	panda3d	https://github.com/panda3d/panda3d
ccv_cnnp_cmd_exec_io_set_by_t	set by	DECLARATION	V P	C	ccv	https://github.com/liuliu/ccv
void	set dampen on bodies	FUNCTION	V V P NPL	C++	panda3d	https://github.com/panda3d/panda3d
void	set data 4d	FUNCTION	V N NM	C++	panda3d	https://github.com/panda3d/panda3d
void	set has blob included in max row size	FUNCTION	V V N V P NM NM N	C++	drill	https://github.com/apache/drill
bool	Set IAM v2 API Token	FUNCTION	V NM NM NM N	C++	s3fs-fuse	https://github.com/s3fs-fuse/s3fs-fuse
Builder	set Part 1	FUNCTION	V N D	Java	drill	https://github.com/apache/drill
void	set server and port	FUNCTION	V N CJ N	C++	panda3d	https://github.com/panda3d/panda3d
String	SHA256 ALGORITHM	ATTRIBUTE	NM N	Java	metrics	https://github.com/dropwizard/metrics
int	shift by	PARAMETER	V P	C	git2r	https://github.com/ropensci/git2r
int	short too	PARAMETER	NM VM	C	mgba	https://github.com/mgba-emu/mgba
String	show String for Add	DECLARATION	NM N P N	Java	Spark	https://github.com/apache/spark
uint64_t	significand	ATTRIBUTE	N	C++	toggldesktop	https://github.com/toggl-open-source/toggldesktop
Date	since	ATTRIBUTE	P	Java	Smack	https://github.com/igniterealtime/Smack
class	Singularity S3 Service	CLASS	PRE PRE N	Java	Singularity	https://github.com/sylabs/singularity
class	Singularity S3 Services	CLASS	PRE PRE NPL	Java	Singularity	https://github.com/sylabs/singularity
class	Singularity S3 Uploader	CLASS	PRE PRE N	Java	Singularity	https://github.com/sylabs/singularity
class	Singularity S3 Uploader Configuration	CLASS	PRE PRE NM N	Java	Singularity	https://github.com/sylabs/singularity
class	Singularity S3 Uploader Content Headers	CLASS	PRE PRE NM NM NPL	Java	Singularity	https://github.com/sylabs/singularity
class	Singularity S3 Uploader File	CLASS	PRE PRE NM N	Java	Singularity	https://github.com/sylabs/singularity
uint32_t	size from ipv4	DECLARATION	N P N	C	ovs	https://github.com/openvswitch/ovs
int	size in datum	DECLARATION	N P N	C++	caffe	https://github.com/BVLC/caffe
bool	skip im 2 col	PARAMETER	V N P N	C++	caffe	https://github.com/BVLC/caffe
class	SLF4J Debugger Factory	CLASS	PRE NM N	Java	Smack	https://github.com/igniterealtime/Smack
void	SM83 Instruction IRQ Stall	FUNCTION	PRE PRE NM N	C	mgba	https://github.com/mgba-emu/mgba
bool	SM83 Tick Internal	FUNCTION	PRE N NM	C	mgba	https://github.com/mgba-emu/mgba
sockaddr_in	sock 4	DECLARATION	N D	C	toxcore	https://github.com/TokTok/c-toxcore
prpack_result*	solve via gs	FUNCTION	V P N	C++	rigraph	https://github.com/igraph/rigraph
bool	some air	DECLARATION	DT N	C++	freeminer	https://github.com/freeminer/freeminer
boolean	some Columns Indexed	FUNCTION	DT NPL V	Java	drill	https://github.com/apache/drill
Class	some Reference	ATTRIBUTE	DT N	Java	drill	https://github.com/apache/drill
class	Sort Collector Labels 1	CLASS	V NM NPL D	C++	panda3d	https://github.com/panda3d/panda3d
int	spaces every	PARAMETER	NPL DT	C++	panda3d	https://github.com/panda3d/panda3d
void*	spell speller add dicts to hash	FUNCTION	PRE PRE V NPL P N	C	weechat	https://github.com/weechat/weechat
void*	spx nt prod 1	FUNCTION	PRE NM N D	C	rigraph	https://github.com/igraph/rigraph
void	sqlite3 Expr If True	FUNCTION	PRE N CJ NM	C	mgba	https://github.com/mgba-emu/mgba
void	sqlite3 Fts3 Hash Find	DECLARATION	PRE PRE N V	C	toggldesktop	https://github.com/toggl-open-source/toggldesktop
void*	sqlite3 Fts3 Hash Insert	FUNCTION	PRE PRE N V	C	ccv	https://github.com/liuliu/ccv
void	sqlite3 Fts3 Seg Reader Free	DECLARATION	PRE PRE NM N V	C	ccv	https://github.com/liuliu/ccv
void	sqlite3 Put 4 byte	FUNCTION	PRE V D N	C	ccv	https://github.com/liuliu/ccv
int*	sqlite3 rtree geometry callback	FUNCTION	PRE PRE NM N	C	ccv	https://github.com/liuliu/ccv
int	sqlite3 Where Trace	DECLARATION	PRE NM N	C	mgba	https://github.com/mgba-emu/mgba
flow_wildcards	src 1	PARAMETER	N D	C	ovs	https://github.com/openvswitch/ovs
re_node_set	src 2	PARAMETER	N D	C	git2r	https://github.com/ropensci/git2r
ovs_be16	src as	ATTRIBUTE	NM N	C	ovs	https://github.com/openvswitch/ovs
ostringstream	ss all	DECLARATION	N DT	C++	s3fs-fuse	https://github.com/s3fs-fuse/s3fs-fuse
stnode_t	st arg 2	PARAMETER	NM N D	C	wireshark	https://github.com/wireshark/wireshark
size_t	start R 1	DECLARATION	NM N D	C++	meta	https://github.com/meta-toolkit/meta
int	stash update index from diff	FUNCTION	PRE V N P N	C	git2r	https://github.com/ropensci/git2r
lm_state	state next	DECLARATION	N DT	C++	meta	https://github.com/meta-toolkit/meta
boolean	still Waiting	DECLARATION	VM V	Java	Smack	https://github.com/igniterealtime/Smack
void	store Last Err no	FUNCTION	V DT NM N	C	ccv	https://github.com/liuliu/ccv
int	str 2 int	FUNCTION	N P N	C	rigraph	https://github.com/igraph/rigraph
const_iterator	str 2 it	DECLARATION	N D N	C++	s3fs-fuse	https://github.com/s3fs-fuse/s3fs-fuse
string	str all	DECLARATION	N DT	C++	s3fs-fuse	https://github.com/s3fs-fuse/s3fs-fuse
string	str iam v2 token	DECLARATION	NM NM NM N	C++	s3fs-fuse	https://github.com/s3fs-fuse/s3fs-fuse
string	str now	DECLARATION	N VM	C++	s3fs-fuse	https://github.com/s3fs-fuse/s3fs-fuse
optional	stream for	FUNCTION	V P	C++	meta	https://github.com/meta-toolkit/meta
int*	string base16 decode	FUNCTION	N NM V	C	weechat	https://github.com/weechat/weechat
int*	string base16 encode	FUNCTION	N NM V	C	weechat	https://github.com/weechat/weechat
int	string base32 decode	FUNCTION	N NM V	C	weechat	https://github.com/weechat/weechat
char	string p	PARAMETER	NM N	C	naemon-core	https://github.com/naemon/naemon-core
int	subexp to	ATTRIBUTE	N P	C	git2r	https://github.com/ropensci/git2r
int*	submodule load each	FUNCTION	PRE V DT	C	git2r	https://github.com/ropensci/git2r
List	subtypes 1	DECLARATION	NPL D	Java	drill	https://github.com/apache/drill
int	sum 2	DECLARATION	N D	C	rigraph	https://github.com/igraph/rigraph
boolean	supports Join Push down	ATTRIBUTE	V V V P	Java	drill	https://github.com/apache/drill
boolean	supports Sort Push down	ATTRIBUTE	V V V P	Java	drill	https://github.com/apache/drill
void	T 1 Prepare Mun map Code	FUNCTION	N D V NM NM N	C++	facebook-repo-ds2	https://github.com/facebookresearch/ds2
PN_stdfloat	t 1 y	DECLARATION	N D N	C++	panda3d	https://github.com/panda3d/panda3d
uint32_t	T 2 MOV 16 Set Immediate	FUNCTION	N D N D V NM	C++	facebook-repo-ds2	https://github.com/facebookresearch/ds2
T3	t 3	DECLARATION	N D	Java	immutables	https://github.com/immutables/immutables
PushTransactionRAII	T for Deser	DECLARATION	N P N	C++	cling	https://github.com/root-project/cling
timespec	t s now	DECLARATION	NM N VM	C++	s3fs-fuse	https://github.com/s3fs-fuse/s3fs-fuse
timeval	t v now	DECLARATION	NM N VM	C	weechat	https://github.com/weechat/weechat
ParquetTableMetadata_v4	table Metadata V 4	DECLARATION	NM N NM D	Java	drill	https://github.com/apache/drill
void*	tag all	FUNCTION	V DT	C++	panda3d	https://github.com/panda3d/panda3d
int	target 1	ATTRIBUTE	N D	C	mgba	https://github.com/mgba-emu/mgba
void	temp Data 1	ATTRIBUTE	NM N D	C++	caffe	https://github.com/BVLC/caffe
void	temp Data 2	ATTRIBUTE	NM N D	C++	caffe	https://github.com/BVLC/caffe
fsblkcnt_t	ten 00	DECLARATION	D D	C++	s3fs-fuse	https://github.com/s3fs-fuse/s3fs-fuse
ccv_nnc_tensor_symbol_info_t	tensor a	PARAMETER	NM N	C	ccv	https://github.com/liuliu/ccv
double	term and class	FUNCTION	N CJ N	C++	meta	https://github.com/meta-toolkit/meta
char	text only	PARAMETER	N NM	C	libxo	https://github.com/Juniper/libxo
Occupant	that	DECLARATION	DT	Java	Openfire	https://github.com/igniterealtime/Openfire
DruidStoragePluginConfig	that Config	DECLARATION	DT N	Java	drill	https://github.com/apache/drill
LogicalExpression	that Expr	PARAMETER	DT N	Java	drill	https://github.com/apache/drill
Class	the Class	DECLARATION	DT N	Java	Openfire	https://github.com/igniterealtime/Openfire
LittleEndianBytes	the Getter	ATTRIBUTE	DT N	Java	guava	https://github.com/google/guava
keyValuePair	the max	DECLARATION	DT N	C++	rigraph	https://github.com/igraph/rigraph
Filter	the New Filter	DECLARATION	DT NM N	Java	drill	https://github.com/apache/drill
int	this bucket	DECLARATION	DT N	C	naemon-core	https://github.com/naemon/naemon-core
PyObject	this class	PARAMETER	DT N	C++	panda3d	https://github.com/panda3d/panda3d
contactgroup	this contact group	DECLARATION	DT NM N	C	naemon-core	https://github.com/naemon/naemon-core
LogicalExpression	this Expr	PARAMETER	DT N	Java	drill	https://github.com/apache/drill
xodtemplate_host	this host	DECLARATION	DT N	C	naemon-core	https://github.com/naemon/naemon-core
hostescalation	this host escalation	PARAMETER	DT NM N	C	naemon-core	https://github.com/naemon/naemon-core
hostgroup	this host group	DECLARATION	DT NM N	C	naemon-core	https://github.com/naemon/naemon-core
int	this index	DECLARATION	DT N	C++	panda3d	https://github.com/panda3d/panda3d
void	this Instance	PARAMETER	DT N	C	toggldesktop	https://github.com/toggl-open-source/toggldesktop
bool	this Iteration	PARAMETER	DT N	C++	proxygen	https://github.com/facebook/proxygen
string	this Key	DECLARATION	DT N	C++	proxygen	https://github.com/facebook/proxygen
uchar32_t	this Letter	PARAMETER	DT N	C++	freeminer	https://github.com/freeminer/freeminer
N	this Node	PARAMETER	DT N	Java	guava	https://github.com/google/guava
T	this Object	PARAMETER	DT N	Java	Smack	https://github.com/igniterealtime/Smack
serviceescalation	this service escalation	PARAMETER	DT NM N	C	naemon-core	https://github.com/naemon/naemon-core
xodtemplate_serviceextinfo	this service ext info	PARAMETER	DT NM NM N	C	naemon-core	https://github.com/naemon/naemon-core
servicesmember	this services member	DECLARATION	DT NM N	C	naemon-core	https://github.com/naemon/naemon-core
Thread	thread B to A	ATTRIBUTE	NM N P N	Java	Openfire	https://github.com/igniterealtime/Openfire
void	throw if error	FUNCTION	V CJ N	C++	meta	https://github.com/meta-toolkit/meta
int	time for each line	ATTRIBUTE	N P DT N	C	weechat	https://github.com/weechat/weechat
float	time from last punch	ATTRIBUTE	N P DT N	C++	freeminer	https://github.com/freeminer/freeminer
time_t	time now	DECLARATION	N VM	C	weechat	https://github.com/weechat/weechat
float	time of day smooth	ATTRIBUTE	N P N NM	C++	freeminer	https://github.com/freeminer/freeminer
uint32_t	to Ack	DECLARATION	P N	C++	proxygen	https://github.com/facebook/proxygen
RuntimeFilterWritable	to Aggregate	DECLARATION	P V	Java	drill	https://github.com/apache/drill
ValueVector	to Alloc	PARAMETER	P V	Java	drill	https://github.com/apache/drill
String	to Bare JID	FUNCTION	P NM N	Java	Openfire	https://github.com/igniterealtime/Openfire
size_t	to Consume	PARAMETER	P V	C++	proxygen	https://github.com/facebook/proxygen
AttributeBuilderThirdPartyModel	to Copy From	PARAMETER	P V P	Java	immutables	https://github.com/immutables/immutables
mp_part_list_t	to copy list	DECLARATION	P NM N	C++	s3fs-fuse	https://github.com/s3fs-fuse/s3fs-fuse
DataType	to Count	PARAMETER	P N	Java	deeplearning4j	https://github.com/eclipse/deeplearning4j
CoordinateSystem	to cs	PARAMETER	P N	C++	panda3d	https://github.com/panda3d/panda3d
Delete	to Delete	FUNCTION	P V	Java	drill	https://github.com/apache/drill
double	to Doubles	FUNCTION	P NPL	Java	deeplearning4j	https://github.com/eclipse/deeplearning4j
C	to Element	PARAMETER	P N	Java	guava	https://github.com/google/guava
List	to Field List	FUNCTION	P NM N	Java	drill	https://github.com/apache/drill
String	to Filename	FUNCTION	P N	Java	immutables	https://github.com/immutables/immutables
Map	to Filter Conditions	FUNCTION	P NM NPL	Java	drill	https://github.com/apache/drill
ValueVectorReadExpression	to Hash Field Exp	DECLARATION	P NM NM N	Java	drill	https://github.com/apache/drill
ToHeader	to Header	DECLARATION	P N	Java	Spark	https://github.com/apache/spark
double	to height	DECLARATION	P N	C++	panda3d	https://github.com/panda3d/panda3d
int	to Index	DECLARATION	P N	Java	Openfire	https://github.com/igniterealtime/Openfire
List	to Launch	DECLARATION	P V	Java	Singularity	https://github.com/sylabs/singularity
vector	to merge	DECLARATION	P V	C++	meta	https://github.com/meta-toolkit/meta
FileMetaData	to Merge	PARAMETER	P V	Java	drill	https://github.com/apache/drill
int	to Read Remaining	DECLARATION	P V NM	Java	drill	https://github.com/apache/drill
Prel	to Register	PARAMETER	P V	Java	drill	https://github.com/apache/drill
char	to repo	PARAMETER	P N	C	git2r	https://github.com/ropensci/git2r
TupleMetadata	to Schema	FUNCTION	P N	Java	drill	https://github.com/apache/drill
Long	to Snapshot Id	ATTRIBUTE	P NM N	Java	drill	https://github.com/apache/drill
Function	to Sort Fn	DECLARATION	P NM N	Java	immutables	https://github.com/immutables/immutables
Instant	to Time	PARAMETER	P N	Java	metrics	https://github.com/dropwizard/metrics
MinorType	to Types	PARAMETER	P NPL	Java	drill	https://github.com/apache/drill
string	to upper	FUNCTION	P NM	C++	meta	https://github.com/meta-toolkit/meta
Deque	to Visit	ATTRIBUTE	P V	Java	immutables	https://github.com/immutables/immutables
auto	to write	DECLARATION	P V	C++	meta	https://github.com/meta-toolkit/meta
String	to Yaml	FUNCTION	P N	Java	deeplearning4j	https://github.com/eclipse/deeplearning4j
boolean	too Many Shuffling Tasks	DECLARATION	VM NM V NPL	Java	Singularity	https://github.com/sylabs/singularity
boolean	too Old	DECLARATION	VM NM	Java	Singularity	https://github.com/sylabs/singularity
double	total oov only	DECLARATION	NM N VM	C++	meta	https://github.com/meta-toolkit/meta
JPanel	tree and Info	ATTRIBUTE	N CJ N	Java	Spark	https://github.com/apache/spark
timespec	ts 1	PARAMETER	N D	C++	s3fs-fuse	https://github.com/s3fs-fuse/s3fs-fuse
timespec	ts 2	PARAMETER	N D	C++	s3fs-fuse	https://github.com/s3fs-fuse/s3fs-fuse
ovs_be64	tx1523 to max packets	ATTRIBUTE	N P NM NPL	C	ovs	https://github.com/openvswitch/ovs
MajorType	type 2	PARAMETER	N D	Java	drill	https://github.com/apache/drill
uint32_t	u 1 bit count	PARAMETER	N D NM N	C	ovs	https://github.com/openvswitch/ovs
guint32	u32 Pointer	DECLARATION	NM N	C	wireshark	https://github.com/wireshark/wireshark
udpif	udpif	ATTRIBUTE	N	C	ovs	https://github.com/openvswitch/ovs
class	Un7zip App	CLASS	NM N	C++	toggldesktop	https://github.com/toggl-open-source/toggldesktop
String	UNBLOCK CONTACT 16 x 16	ATTRIBUTE	V N D P D	Java	Spark	https://github.com/apache/spark
void	unbox or zero	FUNCTION	V CJ N	Java	cglib	https://github.com/cglib/cglib
int	under Provisioned Requests	PARAMETER	P V NPL	Java	Singularity	https://github.com/sylabs/singularity
uint32_t	unknown 20	DECLARATION	N D	C++	cling	https://github.com/root-project/cling
uint32_t	unknown 24	DECLARATION	N D	C++	cling	https://github.com/root-project/cling
int	until	DECLARATION	P	Java	drill	https://github.com/apache/drill
LVector3	up	ATTRIBUTE	P	C++	panda3d	https://github.com/panda3d/panda3d
bool	Update S3fs Credential	FUNCTION	V NM N	C++	s3fs-fuse	https://github.com/s3fs-fuse/s3fs-fuse
bool	Upgrade V 1 Layer Parameter	FUNCTION	V N D NM N	C++	caffe	https://github.com/BVLC/caffe
class	Upsampling 2D	CLASS	N NM	Java	deeplearning4j	https://github.com/eclipse/deeplearning4j
SEXP	us	PARAMETER	N	C	rigraph	https://github.com/igraph/rigraph
bool	use default if empty	PARAMETER	V N CJ NM	C	git2r	https://github.com/ropensci/git2r
string	username only	DECLARATION	N VM	C++	panda3d	https://github.com/panda3d/panda3d
int32_t	utf8 next codepoint	FUNCTION	N DT N	C++	meta	https://github.com/meta-toolkit/meta
int	utf8 only	ATTRIBUTE	N VM	C	weechat	https://github.com/weechat/weechat
V1LayerParameter	v 0 layer connection	PARAMETER	N D NM N	C++	caffe	https://github.com/BVLC/caffe
float	v 00	PARAMETER	N D	C++	freeminer	https://github.com/freeminer/freeminer
int	V 1	ATTRIBUTE	N D	C++	rigraph	https://github.com/igraph/rigraph
int	v 1 index	PARAMETER	N D N	Java	drill	https://github.com/apache/drill
float	v 110	PARAMETER	N D	C++	freeminer	https://github.com/freeminer/freeminer
int	V 2	ATTRIBUTE	N D	C++	rigraph	https://github.com/igraph/rigraph
V	v 5	PARAMETER	N D	Java	guava	https://github.com/google/guava
FvalueFromLiteral	val from literal	ATTRIBUTE	N P N	C	wireshark	https://github.com/wireshark/wireshark
int*	validate tree and parents	FUNCTION	V N CJ NPL	C	git2r	https://github.com/ropensci/git2r
Any	value 6	PARAMETER	N D	C++	toggldesktop	https://github.com/toggl-open-source/toggldesktop
guint8	value a and front reserved	DECLARATION	NM N CJ N V	C	wireshark	https://github.com/wireshark/wireshark
NoiseParams	value out	PARAMETER	NM N	C++	freeminer	https://github.com/freeminer/freeminer
vector	vector 1	PARAMETER	N D	C++	drill	https://github.com/apache/drill
vector	vector 2	PARAMETER	N D	C++	drill	https://github.com/apache/drill
uint32_t*	version bitmap from version	FUNCTION	NM N P N	C	ovs	https://github.com/openvswitch/ovs
igraph_vector_t	vertex to the left	PARAMETER	N P DT NM	C	rigraph	https://github.com/igraph/rigraph
int	vid 1	PARAMETER	N D	C	rigraph	https://github.com/igraph/rigraph
IntType	vmax over base	DECLARATION	N P N	C++	deeplearning4j	https://github.com/eclipse/deeplearning4j
LongType	vol Stride 1	DECLARATION	NM N D	C++	deeplearning4j	https://github.com/eclipse/deeplearning4j
BigIntVector	vv 0	DECLARATION	N D	Java	drill	https://github.com/apache/drill
int*	w clique 1	FUNCTION	NM N D	C	rigraph	https://github.com/igraph/rigraph
int	wait For S3 Links Seconds	ATTRIBUTE	V P NM NM NPL	Java	Singularity	https://github.com/sylabs/singularity
void	wait for server start	FUNCTION	V P NM N	C	crow	https://github.com/CrowCpp/Crow
int	waiting for dht connection	DECLARATION	V P NM N	C	toxcore	https://github.com/TokTok/c-toxcore
Duration	warmup time	ATTRIBUTE	NM N	C++	freeminer	https://github.com/freeminer/freeminer
ALenum	warn if error	FUNCTION	V CJ N	C++	freeminer	https://github.com/freeminer/freeminer
uint32_t	wc 10	DECLARATION	N D	C	ovs	https://github.com/openvswitch/ovs
void*	weechat js unload all	FUNCTION	PRE PRE V DT	C++	weechat	https://github.com/weechat/weechat
SEXP	when	DECLARATION	VM	C	git2r	https://github.com/ropensci/git2r
CountDownLatch	when Closed	ATTRIBUTE	VM V	Java	guava	https://github.com/google/guava
SqlNode	where	ATTRIBUTE	N	Java	drill	https://github.com/apache/drill
SqlNode	where Clause	ATTRIBUTE	NM N	Java	drill	https://github.com/apache/drill
size_t	where len	PARAMETER	NM N	C	toggldesktop	https://github.com/toggl-open-source/toggldesktop
int	which Button	DECLARATION	DT N	C++	panda3d	https://github.com/panda3d/panda3d
int64_t	while count	ATTRIBUTE	NM N	C	ccv	https://github.com/liuliu/ccv
ccv_nnc_symbolic_graph_t	while graph	PARAMETER	NM N	C	ccv	https://github.com/liuliu/ccv
MediaType	with Charset	DECLARATION	P N	Java	guava	https://github.com/google/guava
Builder	with Conf	FUNCTION	P N	Java	drill	https://github.com/apache/drill
Builder	with Entries	FUNCTION	P NPL	Java	drill	https://github.com/apache/drill
void	with Implicit Columns	FUNCTION	P NM NPL	Java	drill	https://github.com/apache/drill
boolean	with Index	ATTRIBUTE	P N	Java	drill	https://github.com/apache/drill
MaterializedField	with Path And Type	FUNCTION	P N CJ N	Java	drill	https://github.com/apache/drill
BatchSchemaBuilder	with Schema Builder	FUNCTION	P NM N	Java	drill	https://github.com/apache/drill
bool	with System	PARAMETER	P N	C++	cling	https://github.com/root-project/cling
Naming	with Unary Operator	ATTRIBUTE	P NM N	Java	immutables	https://github.com/immutables/immutables
FieldReference	within	ATTRIBUTE	P	Java	drill	https://github.com/apache/drill
char	words to add	PARAMETER	NPL P V	C	weechat	https://github.com/weechat/weechat
void	work 1	ATTRIBUTE	N D	C	rigraph	https://github.com/igraph/rigraph
CPPType	wrapped around	PARAMETER	V P	C++	panda3d	https://github.com/panda3d/panda3d
void	write Data Page V 2	FUNCTION	V NM N NM D	Java	drill	https://github.com/apache/drill
double	x 3 mean	ATTRIBUTE	N D N	C++	deeplearning4j	https://github.com/eclipse/deeplearning4j
uint64_t	x 4	ATTRIBUTE	N D	C	facebook-repo-ds2	https://github.com/facebookresearch/ds2
uint64_t	x 8	ATTRIBUTE	N D	C	facebook-repo-ds2	https://github.com/facebookresearch/ds2
int	x from	PARAMETER	N P	C++	panda3d	https://github.com/panda3d/panda3d
png_uint_32	x pixels per unit	ATTRIBUTE	NM NPL P N	C	mgba	https://github.com/mgba-emu/mgba
int	x to	PARAMETER	N P	C++	panda3d	https://github.com/panda3d/panda3d
int*	X509 set1 not Before	FUNCTION	PRE PRE DT P	C	toggldesktop	https://github.com/toggl-open-source/toggldesktop
xdfile_t	xdf 2	PARAMETER	N D	C	git2r	https://github.com/ropensci/git2r
xdfenv_t	xe 2	PARAMETER	N D	C	git2r	https://github.com/ropensci/git2r
objectlist*	xodtemplate expand host groups and hosts	FUNCTION	PRE V NM NPL CJ NPL	C	naemon-core	https://github.com/naemon/naemon-core
class	Xpp3 Xml Pull Parser	CLASS	PRE NM NM N	Java	Smack	https://github.com/igniterealtime/Smack
class	Xpp3 Xml Pull Parser Factory	CLASS	PRE NM NM NM N	Java	Smack	https://github.com/igniterealtime/Smack
class	YOLO 2	CLASS	N D	Java	deeplearning4j	https://github.com/eclipse/deeplearning4j
double	z 2 X mag	DECLARATION	N P N N	C++	freeminer	https://github.com/freeminer/freeminer
felem	z in	DECLARATION	NM N	C	toggldesktop	https://github.com/toggl-open-source/toggldesktop